Unnamed: 0,job,location,date,company,country
0,AI Remote Jobs - Photo Collections – Paid Study,France À distance,Il y a 2 semaines,TransPerfect,france
1,AI Remote Jobs - Photo Collection – Global Participants,Guyane À distance,Il y a 1 semaine,TransPerfect,france
2,AI Remote Jobs - Photo Collection – Global Participants,Guyane À distance,Il y a 1 semaine,TransPerfect,france
3,Stagiaire Data Scientist H/F,"Paris, Île-de-France, France Sur site",Il y a 2 semaines,Jobs via eFinancialCareers,france
4,Data Scientist - Lutte contre la Fraude H/F,"Paris, Île-de-France, France Sur site",Il y a 6 jours,Jobs via eFinancialCareers,france
5,Développeur full stack,"Ville de Paris, Île-de-France, France Hybride","Il y a 10 heures

                Au cours des 24 dernières heures",Scal-e,france
6,AI Jobs -Photo Collection – Global Participants,Nouvelle-Calédonie À distance,Il y a 1 semaine,TransPerfect,france
7,Open jobs application,France À distance,Il y a 1 semaine,Sweep,france
8,AI Jobs -Photo Collection – Global Participants,Wallis et Futuna À distance,Il y a 1 semaine,TransPerfect,france
9,Development Tester (H/F/NB),"Montpellier, Occitanie, France Sur site",Il y a 4 jours,Ubisoft,france
10,Data Engineer (H/F) en Stage,"Nanterre, Île-de-France, France Sur site",Il y a 2 semaines,AXA en France,france
11,Stage – Data science : Evaluation de l’apprentissage profond pour les données tabulaires (H/F),"Clermont-Ferrand, Auvergne-Rhône-Alpes, France Sur site",Il y a 1 semaine,Michelin,france
12,Stage – Data Science : Analyse de séries temporelles pour la prédiction d’évènements rares (H/F),"Clermont-Ferrand, Auvergne-Rhône-Alpes, France Sur site",Il y a 1 semaine,Michelin,france
13,Stage - Structure documentaire étalonnage et incertitudes de mesure à Ladoux(H/F),"Clermont-Ferrand, Auvergne-Rhône-Alpes, France Sur site","Il y a 5 heures

                Au cours des 24 dernières heures",Michelin,france
14,Sales Assistant - Ascot,"Asques, Occitanie, France Sur site","Il y a 2 heures

                Au cours des 24 dernières heures",WHSmith,france
15,Sales Assistant - Ascot,"Asques, Occitanie, France Sur site","Il y a 2 heures

                Au cours des 24 dernières heures",WHSmith,france
16,Développeur JavaScript,"Boulogne-Billancourt, Île-de-France, France Sur site","Il y a 3 heures

                Au cours des 24 dernières heures",TRYGR.,france
17,Search Evaluators for Catalan Speakers in France,"Saint-Étienne-du-Rouvray, Normandie, France À distance",Il y a 2 semaines,Appen,france
18,Search Evaluators for Catalan Speakers in France,"Le Havre, Normandie, France À distance",Il y a 2 semaines,Appen,france
19,Search Evaluators for Catalan Speakers in France,"Cergy-Pontoise, Île-de-France, France À distance",Il y a 2 semaines,Appen,france
20,Data Scientist Risques,"Paris, Île-de-France, France Sur site",Il y a 2 semaines,Jobs via eFinancialCareers,france
21,Data Scientist (F/H),"Paris, Île-de-France, France Sur site",Il y a 1 mois,Jobs via eFinancialCareers,france
22,Data Analyst,"Paris, Île-de-France, France Sur site",Il y a 1 mois,Jobs via eFinancialCareers,france
23,Search Evaluators for Catalan Speakers in France,"Limoges, Nouvelle-Aquitaine, France À distance",Il y a 2 semaines,Appen,france
24,Développeur Big Data,"Nantes, Pays de la Loire, France Hybride",Il y a 2 semaines,My Money Group,france
0,Business Development Specialist – Turkish Speaker (Budapest-based),"Nice, Provence-Alpes-Côte d’Azur, France",Il y a 4 jours,Agoda,france
1,Technicien support,"Lyon, Auvergne-Rhône-Alpes, France Sur site",Il y a 1 semaine,iDocteur,france
2,Product Owner Assurance,"Paris, Île-de-France, France Sur site",Il y a 1 mois,Jobs via eFinancialCareers,france
3,Opérateur de production à Roanne (H/F),"Roanne, Auvergne-Rhône-Alpes, France Sur site",Il y a 4 mois,Michelin,france
4,SAS Part Time Travel Reset Merchandiser,"US, Île-de-France, France Sur site",Il y a 1 semaine,SAS Retail Services,france
5,Recruteur(se) IT,"Île-de-France, France Sur site","Il y a 8 heures

                Au cours des 24 dernières heures",Agoda,france
6,"Analyst, Marketing Innovation (Bangkok Based, relocation provided)","Paris, Île-de-France, France",Il y a 2 semaines,Disneyland Paris,france
7,Paralegal - Data Protection and Privacy (GDPR),"Marne-la-Vallée, Île-de-France, France Sur site",Il y a 1 semaine,Accenture France,france
8,Data Scientist and Software Engineer Consutant,"Nice, Provence-Alpes-Côte d’Azur, France Hybride",Il y a 1 jour,Aggreko,france
9,Temperature Control Apprentice,"Lyon, Auvergne-Rhône-Alpes, France Sur site",Il y a 4 jours,Agoda,france
10,"Content Analyst(Bangkok based, relocation provided)","Nice, Provence-Alpes-Côte d’Azur, France",Il y a 2 semaines,Adikteev - app re-engagement platform,france
11,Senior Data Engineer (remote work possible),"Ville de Paris, Île-de-France, France Hybride",Il y a 2 semaines,PharmiWeb.Jobs,france
12,CRA Junior - Paris - différentes aires thérapeutiques,"Salernes, Provence-Alpes-Côte d’Azur, France Sur site",Il y a 1 semaine,Ogury Ltd,france
13,Data Scientist,"Paris, Île-de-France, France Sur site",Il y a 2 semaines,GitGuardian,france
14,Web Developer,"Ville de Paris, Île-de-France, France Hybride",Il y a 2 semaines,iDocteur,france
15,Technicien support,"Lyon, Auvergne-Rhône-Alpes, France Sur site",Il y a 1 semaine,Jobs via eFinancialCareers,france
16,Business Analyst Front Office (F/H),"Paris, Île-de-France, France Sur site",Il y a 1 semaine,Toptal,france
17,Data Engineer,"Strasbourg, Grand Est, France À distance","Il y a 21 heures

                Au cours des 24 dernières heures",Ansys,france
18,Research internship: retro-reflective and specular peak (rusinkiewicz parametrization),"Solliès-Pont, Provence-Alpes-Côte d’Azur, France",Il y a 1 semaine,Wake IT UP - Experts en Recrutement TECH,france
19,Ingénieur QA – junior accepté - Editeur Data & IA,Paris et périphérie Hybride,Il y a 1 mois,BIOCODEX,france
20,Chef de projet AMOA Applicatifs H/F – CDI,"Gentilly, Île-de-France, France Sur site",Il y a 2 semaines,Imerys,france
21,OT Data Architect,"Île-de-France, France Hybride",Il y a 5 jours,PharmiWeb.Jobs,france
22,Clinical Research Coordinator,"Paris, Île-de-France, France Sur site",Il y a 6 jours,Michelin,france
23,Stage SI - FINOPS (H/F),"Clermont-Ferrand, Auvergne-Rhône-Alpes, France Sur site",Il y a 1 semaine,Belleyme,france
24,Conseiller ventes,"Ville de Paris, Île-de-France, France Sur site","Il y a 5 heures

                Au cours des 24 dernières heures",,france
0,INSPECTEUR AUDIT QUANTITATIF DATA (AUDIT INTERNE) H/F,"Paris, Île-de-France, France Sur site",Il y a 1 semaine,Jobs via eFinancialCareers,france
1,MOA IT (H/F),"Paris, Île-de-France, France Sur site",Il y a 1 mois,Jobs via eFinancialCareers,france
2,Stage 3A - Consultant Investment management - performance attribution,"Paris, Île-de-France, France Sur site",Il y a 4 jours,Jobs via eFinancialCareers,france
3,Directeur de Projet H/F,"Paris, Île-de-France, France Sur site",Il y a 1 mois,Jobs via eFinancialCareers,france
4,Junior Full Stack Developer,"Paris, Île-de-France, France Sur site",Il y a 1 semaine,Jobs via eFinancialCareers,france
5,Staff Product Designer,France À distance,Il y a 1 jour,Remote,france
6,"Analyst (Bangkok Based, relocation provided)","Nice, Provence-Alpes-Côte d’Azur, France",Il y a 2 semaines,Agoda,france
7,"Full Stack Engineer (Data Team) (All Levels) (Bangkok based, relocation provided)","Paris, Île-de-France, France",Il y a 2 semaines,Agoda,france
8,ANALYSTE CONCEPTEUR EN ETUDES ET PRELEVEMENTS ENVIRONNEMENTAUX (H/F),"Clermont-Ferrand, Auvergne-Rhône-Alpes, France Sur site",Il y a 6 jours,Michelin,france
9,"Senior Data Analyst (Bangkok Based, relocation provided)","Nice, Provence-Alpes-Côte d’Azur, France",Il y a 1 semaine,Agoda,france
10,"Senior Analyst, Partner Development – SQL, R, Python, Pandas, Scala (Bangkok-based, relocation provided)","Paris, Île-de-France, France",Il y a 1 semaine,Agoda,france
11,Clinical Research Coordinator,"Tours, Centre-Val de Loire, France Sur site",Il y a 6 jours,PharmiWeb.Jobs,france
12,"People BI Specialist (Bangkok Based, Relocation Provided)","Paris, Île-de-France, France",Il y a 1 semaine,Agoda,france
13,Consultant PostgreSQL / Freelance,"Paris, Île-de-France, France Sur site","Il y a 57 minutes

                Au cours des 24 dernières heures",Freelance-info.fr,france
14,"Analyst, Pulse Marketing (Bangkok Based, relocation provided)","Nice, Provence-Alpes-Côte d’Azur, France",Il y a 2 semaines,Agoda,france
15,Business Analyst / MOA (H/F),"Paris, Île-de-France, France Sur site",Il y a 1 mois,Jobs via eFinancialCareers,france
16,Opérateur de production à Troyes (H/F),"La Chapelle-Saint-Luc, Grand Est, France Sur site",Il y a 1 mois,Michelin,france
17,Stage 3A - Consultant Front Office / Interest Rates Derivatives 2,"Paris, Île-de-France, France Sur site",Il y a 4 jours,Jobs via eFinancialCareers,france
18,Chef de projet - MOA (F/H),"Paris, Île-de-France, France Sur site",Il y a 4 jours,Jobs via eFinancialCareers,france
19,Distribution Warehouse Maintenance,"US, Île-de-France, France Sur site",Il y a 2 jours,Walmart,france
20,Workday Compensation Specialist (Imerys Europe Sites),"Ville de Paris, Île-de-France, France Hybride","Il y a 23 heures

                Au cours des 24 dernières heures",Imerys,france
21,"Analyst (Bangkok Based, relocation provided)","Paris, Île-de-France, France",Il y a 2 semaines,Agoda,france
22,Gestionnaire en Assurance Vie,"Puteaux, Île-de-France, France Sur site",Il y a 1 semaine,Jobs via eFinancialCareers,france
23,Ingénieur production UNIX,"Île-de-France, France Sur site","Il y a 9 heures

                Au cours des 24 dernières heures",TESEO CONSULTING,france
24,Full-Stack-Entwickler,Espace économique européen À distance,"Il y a 3 heures

                Au cours des 24 dernières heures",Picter,france
0,Quantitative Trader - Futures,"Paris, Île-de-France, France Sur site",Il y a 1 mois,Jobs via eFinancialCareers,france
1,Analyse Financier & Extra Financier H/F,"Paris, Île-de-France, France Sur site",Il y a 6 jours,Jobs via eFinancialCareers,france
2,ANALYSTE D'EXPLOITATION MVS - MONTREUIL (93) H/F,"Levallois-Perret, Île-de-France, France","Il y a 20 heures

                Au cours des 24 dernières heures",Umanis,france
3,Junior Project Manager,"Ville de Paris, Île-de-France, France Hybride",Il y a 1 jour,Immersive Garden,france
4,Senior Consultant,"Ville de Paris, Île-de-France, France Sur site","Il y a 1 heure

                Au cours des 24 dernières heures",KPMG France,france
5,Recruteur(se) IT,"Paris, Île-de-France, France À distance","Il y a 22 heures

                Au cours des 24 dernières heures",Avanda Group AG,france
6,CONSULTANT(E) EN MONETIQUE ET MOYENS DE PAIEMENT – CDI H/F,"Paris, Île-de-France, France Sur site",Il y a 1 mois,Jobs via eFinancialCareers,france
7,STAGE - APPUI MISSIONS EGALITE FEMMES/HOMMES - F/H,"Paris, Île-de-France, France Sur site",Il y a 1 semaine,Jobs via eFinancialCareers,france
8,Data Analyst,"Montpellier, Occitanie, France",Il y a 1 mois,Teads,france
9,Data Engineer - COPERNEEC,"Paris, Île-de-France, France Sur site",Il y a 1 mois,Jobs via eFinancialCareers,france
10,"Curriculum Engineer, FinTech","US, Île-de-France, France Sur site",Il y a 1 mois,2U,france
11,Clinical Trial Coordinator,"Ivry-sur-Seine, Île-de-France, France","Il y a 4 heures

                Au cours des 24 dernières heures",PharmiWeb.Jobs,france
12,Talent Sourcing Internship | Spanish-speaking,"Ville de Paris, Île-de-France, France Sur site",Il y a 4 jours,Next Station,france
13,International Michelin Graduate Program Marketing/Sales (M/F),"Clermont-Ferrand, Auvergne-Rhône-Alpes, France Sur site",Il y a 4 semaines,Michelin,france
14,"Information Management, Analytics & Operations Supervisor (Denver or Pueblo)","Job, Auvergne-Rhône-Alpes, France Sur site",Il y a 4 jours,State of Colorado,france
15,💪 Product Manager - Programmes sportifs site & app H/F,"Alpes-Maritimes, Provence-Alpes-Côte d’Azur, France Hybride",Il y a 1 jour,Bao.jobs,france
16,Spontaneous Application (open worldwide),"Paris, Île-de-France, France À distance",Il y a 1 mois,PUR Projet,france
17,Consultant(e) MOA SEPA Payment / Instant Payment,"Paris, Île-de-France, France Sur site",Il y a 2 semaines,Jobs via eFinancialCareers,france
18,UX RESEARCHER F/H,"Bordeaux, Nouvelle-Aquitaine, France Sur site",Il y a 3 jours,Cdiscount,france
19,Stage - Mise en place d'un système de recherche d'information (H/F),"Clermont-Ferrand, Auvergne-Rhône-Alpes, France",Il y a 3 mois,Michelin,france
20,Business Development Specialist – Spanish speaker (Budapest-based),"Nice, Provence-Alpes-Côte d’Azur, France",Il y a 4 jours,Agoda,france
21,STAGE - CHARGE.E DE MISSION POUR LA PLATEFORME SECTORIELLE VILLES DURABLES - F/H,"Paris, Île-de-France, France Sur site",Il y a 1 semaine,Jobs via eFinancialCareers,france
22,Product Owner,"Aix-en-Provence, Provence-Alpes-Côte d’Azur, France Sur site",Il y a 1 mois,NatWest Markets Plc,france
23,Financial Institutions Debt Capital Markets Analyst,"Paris, Île-de-France, France",Il y a 1 jour,Jobs via eFinancialCareers,france
24,Opérateur financier (H/F),"Paris, Île-de-France, France À distance","Il y a 19 heures

                Au cours des 24 dernières heures",,france
0,QA Manager Transactionnal Regulatory Reporting,"Paris, Île-de-France, France Sur site",Il y a 6 jours,Jobs via eFinancialCareers,france
1,Junior Application Systems Analyst,"US, Île-de-France, France Sur site",Il y a 3 semaines,Kaiko,france
2,Product Operations Analyst - DeFi Data / NYC / Graduate Program,"Paris, Île-de-France, France",Il y a 6 jours,ERM: Environmental Resources Management,france
3,Graduate Consultant - CPD Team (Entry Level),"Paris, Île-de-France, France Sur site",Il y a 2 semaines,Toptal,france
4,Web Designer,"Strasbourg, Grand Est, France À distance","Il y a 18 heures

                Au cours des 24 dernières heures",Agoda,france
5,"Analyst/ Sr Analyst, Marketing (Bangkok Based, relocation provided)","Nice, Provence-Alpes-Côte d’Azur, France",Il y a 1 semaine,Jobs via eFinancialCareers,france
6,STAGE - CAPITALISATION ET VALORISATION DES PROJETS D'ACCOMPAGNEMENT TECHNIQUE H/F,"Paris, Île-de-France, France Sur site",Il y a 6 jours,Jobs via eFinancialCareers,france
7,Stage Assistant(e) Economiste - H/F H/F,"Paris, Île-de-France, France Sur site",Il y a 2 semaines,KPMG France,france
8,Employé Libre Service,"Haguenau, Grand Est, France Sur site",Il y a 1 semaine,Gaming Jobs,france
9,Senior Consultant,"Courbevoie, Île-de-France, France Hybride","Il y a 9 heures

                Au cours des 24 dernières heures",Jobs via eFinancialCareers,france
10,Level Designer,"Nanterre, Île-de-France, France Sur site",Il y a 3 semaines,Solvay,france
11,Software Developer,"Paris, Île-de-France, France Sur site",Il y a 1 mois,Michelin,france
12,People and Capabilities Specialist- 14240,"Lyon, Auvergne-Rhône-Alpes, France Hybride",Il y a 2 semaines,Jobs via eFinancialCareers,france
13,Business Developer (H/F),"Clermont-Ferrand, Auvergne-Rhône-Alpes, France Sur site",Il y a 2 semaines,Ansys,france
14,Analyste Surveillance des offres financières et alertes H/F,"Paris, Île-de-France, France À distance",Il y a 4 semaines,Jobs via eFinancialCareers,france
15,Intern f/m,"Montigny-le-Bretonneux, Île-de-France, France",Il y a 1 mois,Gaming Jobs,france
16,Stage - Assistant Risk Manager H/F,"Paris, Île-de-France, France Sur site",Il y a 3 semaines,Deep Consulting Solutions,france
17,Stage chef de projet web,"Saint-Étienne, Auvergne-Rhône-Alpes, France Sur site",Il y a 1 mois,Kry,france
18,Business Analyst,France À distance,Il y a 2 mois,Jobs via eFinancialCareers,france
19,Product Manager,"Paris, Île-de-France, France",Il y a 2 semaines,Michelin,france
20,Reporting/Analyst (H/F),"Paris, Île-de-France, France Sur site",Il y a 2 semaines,European Prison Litigation Network,france
21,Chargé d'affaire en vision et intelligence artificielle à Clermont-Ferrand H/F,"Clermont-Ferrand, Auvergne-Rhône-Alpes, France Sur site",Il y a 4 mois,PharmiWeb.Jobs,france
22,Financial and administrative coordinator,"Ville de Paris, Île-de-France, France À distance",Il y a 1 semaine,Covivio,france
23,Clinical Research Associate - France,Brest et périphérie,Il y a 2 semaines,,france
24,Chargé(e) de Développement RH H/F,"Ville de Paris, Île-de-France, France Hybride",Il y a 1 semaine,,france
0,Développeur usine logicielle – Bac +2/3,"Metz, Grand Est, France Sur site",Il y a 1 jour,efluid SAS,france
1,Stage Gestion Actions et Convertibles H/F,"Paris, Île-de-France, France Sur site",Il y a 1 mois,Jobs via eFinancialCareers,france
2,Software Engineer Backend - CDI,"Ville de Paris, Île-de-France, France Hybride",Il y a 1 semaine,Implicity,france
3,Web Designer,"Nice, Provence-Alpes-Côte d’Azur, France À distance","Il y a 17 heures

                Au cours des 24 dernières heures",Toptal,france
4,Web Designer,"Angers, Pays de la Loire, France À distance","Il y a 12 heures

                Au cours des 24 dernières heures",Toptal,france
5,Field Technical Specialist ( France ),"Paris, Île-de-France, France Sur site",Il y a 1 jour,Lightspeed HQ,france
6,"International Michelin Graduate Program, manufacturing (m/f)","Clermont-Ferrand, Auvergne-Rhône-Alpes, France Sur site",Il y a 6 mois,Michelin,france
7,Développeur back-end,"Lyon, Auvergne-Rhône-Alpes, France Hybride",Il y a 2 semaines,Chiliz,france
8,Analyste de Crédit - Assurance Crédit H/F,"Paris, Île-de-France, France Sur site",Il y a 2 semaines,Jobs via eFinancialCareers,france
9,ESG analyst for Private Equity,"Paris, Île-de-France, France Sur site",Il y a 4 jours,Jobs via eFinancialCareers,france
10,Business Analyst,"Paris, Île-de-France, France Sur site",Il y a 1 mois,Jobs via eFinancialCareers,france
11,"Senior Data Analyst (Bangkok Based, relocation provided)","Paris, Île-de-France, France",Il y a 1 semaine,Agoda,france
12,Web Designer,"Toulouse, Occitanie, France À distance","Il y a 17 heures

                Au cours des 24 dernières heures",Toptal,france
13,Employé Libre Service,"Wissembourg, Grand Est, France Sur site",Il y a 1 semaine,Sur La Table,france
14,Junior Systems Administrator,"US, Île-de-France, France",Il y a 1 semaine,Agoda,france
15,"Analyst, Pulse Marketing (Bangkok Based, relocation provided)","Paris, Île-de-France, France",Il y a 2 semaines,Carriere-info.fr,france
16,Développeur Informatica IDQ et PeopleSoft (H/F),"Paris, Île-de-France, France Sur site",Il y a 3 semaines,Implicity,france
17,Software Engineer intern M/F,"Paris, Île-de-France, France Sur site",Il y a 2 semaines,Jobs via eFinancialCareers,france
18,Systematic Quantitative Researcher - Futures,"Paris, Île-de-France, France Sur site",Il y a 1 mois,Michelin,france
19,Comptable paie (H/F),"Clermont-Ferrand, Auvergne-Rhône-Alpes, France Sur site",Il y a 2 semaines,Future VC,france
20,Future VC 2022 Internship,"Ville de Paris, Île-de-France, France Hybride",Il y a 1 semaine,PharmiWeb.Jobs,france
21,Medical Writer,"Paris, Île-de-France, France","Il y a 4 heures

                Au cours des 24 dernières heures",PharmiWeb.Jobs,france
22,Medical Writer,"Paris, Île-de-France, France","Il y a 4 heures

                Au cours des 24 dernières heures",Agoda,france
23,Business Development Specialist – European Languages (Budapest-based),"Nice, Provence-Alpes-Côte d’Azur, France",Il y a 4 jours,TotalEnergies,france
24,Product Designers H/F,"Paris, Île-de-France, France Sur site",Il y a 3 semaines,,france
0,Technicien.ne Réseau Micro,"Paris, Île-de-France, France Sur site",Il y a 2 semaines,Toptal,france
1,Web Designer,"Paris, Île-de-France, France À distance","Il y a 18 heures

                Au cours des 24 dernières heures",Jobs via eFinancialCareers,france
2,Consultant(e) Innovation & digital secteur assurance (H/F),"Paris, Île-de-France, France Sur site",Il y a 1 mois,Toptal,france
3,Web Designer,"Lyon, Auvergne-Rhône-Alpes, France À distance","Il y a 17 heures

                Au cours des 24 dernières heures",Toptal,france
4,Web Designer,"Villeurbanne, Auvergne-Rhône-Alpes, France À distance","Il y a 17 heures

                Au cours des 24 dernières heures",Datapy,france
5,Data Engineer,Paris et périphérie Hybride,Il y a 2 semaines,Toptal,france
6,Web Designer,"Grenoble, Auvergne-Rhône-Alpes, France À distance","Il y a 17 heures

                Au cours des 24 dernières heures",Jobs via eFinancialCareers,france
7,Analyste Risques Crédits (H/F) - NWM,"Paris, Île-de-France, France Sur site",Il y a 1 semaine,Jobs via eFinancialCareers,france
8,"Macquarie Bank Europe, Fixed Income and Currencies - Analyst","Paris, Île-de-France, France Sur site",Il y a 3 jours,PharmiWeb.Jobs,france
9,Entry Level Regulatory Specialist - Toulouse,"Toulouse, Occitanie, France",Il y a 6 jours,Stakha,france
10,Content Hacker (Apprenticeship),France À distance,Il y a 4 semaines,UBS,france
11,2022 Offcycle Intern Program - Global Banking - Paris,"Paris, Île-de-France, France Sur site",Il y a 2 semaines,Kazaplan,france
12,Scrum master/Chef de projet,"Ronchin, Hauts-de-France, France Hybride",Il y a 1 jour,Jobs via eFinancialCareers,france
13,Consultant High Value Payments H/F,"Paris, Île-de-France, France Sur site",Il y a 1 semaine,CSC Generation,france
14,Junior Systems Administrator,"US, Île-de-France, France",Il y a 1 semaine,Inetum,france
15,DATA Engineer H/F,"Nantes, Pays de la Loire, France Sur site",Il y a 1 semaine,Agoda,france
16,Business Development Specialist – Spanish speaker (Budapest-based),"Paris, Île-de-France, France",Il y a 4 jours,Toptal,france
17,Web Designer,"Nantes, Pays de la Loire, France À distance","Il y a 17 heures

                Au cours des 24 dernières heures",Younited,france
18,Data Engineer (DS Platform),"Paris, Île-de-France, France",Il y a 1 jour,Parallel Wireless,france
19,Solution Architect,Union européenne À distance,Il y a 2 semaines,Agoda,france
20,Business Development Specialist – European Languages (Budapest-based),"Paris, Île-de-France, France",Il y a 4 jours,Michelin,france
21,Microsoft BSC Solution Consultant (H/F),"Clermont-Ferrand, Auvergne-Rhône-Alpes, France",Il y a 4 semaines,Jobs via eFinancialCareers,france
22,STAGE - APPUI AUX RESPONSABLES D'EQUIPE PROJET - H/F,"Paris, Île-de-France, France Sur site",Il y a 3 semaines,Jeanneau,france
23,Gestionnaire service clients,"Les Herbiers, Pays de la Loire, France Hybride",Il y a 6 jours,CCM Benchmark,france
24,Développeur,"Rennes, Bretagne, France Hybride",Il y a 6 jours,,france
0,Web Designer,"Bordeaux, Nouvelle-Aquitaine, France À distance","Il y a 18 heures

                Au cours des 24 dernières heures",Toptal,france
1,Employé,"Lille, Hauts-de-France, France Hybride",Il y a 3 semaines,Les EnchanTerres Lille,france
2,Data Engineer – Startup avancée marché Data (H/F) – Poste Pourvu,"Bordeaux, Nouvelle-Aquitaine, France Sur site",Il y a 1 mois,ALTAIDE,france
3,Consultant Recherche quantitative,"Paris, Île-de-France, France Sur site",Il y a 2 jours,Jobs via eFinancialCareers,france
4,Credit Analyst,"Paris, Île-de-France, France Sur site",Il y a 5 jours,Jobs via eFinancialCareers,france
5,CRA - France - Home based- Great opportunity to grow your career within an international CRO,Brest et périphérie À distance,Il y a 1 semaine,PharmiWeb.Jobs,france
6,"Global People & Culture Business Partner, Engineering","Nice, Provence-Alpes-Côte d’Azur, France",Il y a 4 jours,Amadeus,france
7,Web Designer,"Montpellier, Occitanie, France À distance","Il y a 17 heures

                Au cours des 24 dernières heures",Toptal,france
8,Ingénieur de production finance h/f / Freelance,"Paris, Île-de-France, France Sur site",Il y a 1 semaine,Freelance-info.fr,france
9,Moa Attribution de performance,"Paris, Île-de-France, France Sur site",Il y a 1 mois,Jobs via eFinancialCareers,france
10,Web Designer,"Rouen, Normandie, France À distance","Il y a 17 heures

                Au cours des 24 dernières heures",Toptal,france
11,Web Designer,"Marseille, Provence-Alpes-Côte d’Azur, France À distance","Il y a 17 heures

                Au cours des 24 dernières heures",Toptal,france
12,Analyst Treasury Transformation,"Ville de Paris, Île-de-France, France Hybride",Il y a 5 jours,Redbridge Debt & Treasury Advisory,france
13,CHEF DE RECEPTION (F/H/NB),"Puteaux, Île-de-France, France Sur site",Il y a 2 semaines,MAMA SHELTER,france
14,Data Engineer (F/M/X) - CDI,"Paris, Île-de-France, France Sur site",Il y a 1 mois,Jellysmack,france
15,Responsable Qualité et Affaires Règlementaires H/F,"Île-de-France, France Hybride",Il y a 2 jours,Implicity,france
16,Web Designer,"Reims, Grand Est, France À distance","Il y a 17 heures

                Au cours des 24 dernières heures",Toptal,france
17,Stage - Assistant Ingénieur Nutrition Santé (H/F),"Lestrem, Hauts-de-France, France Sur site",Il y a 2 semaines,Roquette,france
18,GENERAL MANAGER (F/H/NB),"Lille, Hauts-de-France, France Sur site",Il y a 6 jours,MAMA SHELTER,france
19,Ingénieur.e Test QA (F/H),"Paris, Île-de-France, France Sur site",Il y a 1 semaine,Jobs via eFinancialCareers,france
20,Product Manager / Product Builder,"Paris, Île-de-France, France Sur site",Il y a 3 semaines,Jobs via eFinancialCareers,france
21,Consultant(e) DATA secteur assurance (H/F),"Paris, Île-de-France, France Sur site",Il y a 1 mois,Jobs via eFinancialCareers,france
22,Office Address,"Saint-Jean-d'Ardières, Auvergne-Rhône-Alpes, France Sur site",Il y a 1 mois,Gaming Jobs,france
23,STAGE // Assistant RP & Influence Xbox,"Paris, Île-de-France, France Sur site",Il y a 2 semaines,Tomorrow Jobs,france
24,Architecte cloud,Nancy et périphérie Sur site,"Il y a 9 heures

                Au cours des 24 dernières heures",,france
0,Assistant administratif H/F - Limonest - Intérim,"Limonest, Auvergne-Rhône-Alpes, France Sur site",Il y a 1 semaine,Robert Half,france
1,Business Analyst H/F,"Paris, Île-de-France, France Sur site",Il y a 1 mois,Jobs via eFinancialCareers,france
2,IT Technical Support Specialist,"US, Île-de-France, France Sur site",Il y a 1 mois,Allied Universal,france
3,"Assistant Chef de Projet (H/F) alternant(e) uniquement [pour postuler, bien lire le process]","Paris, Île-de-France, France Sur site",Il y a 3 semaines,Netkin,france
4,Full-stack Developer,"Ville de Paris, Île-de-France, France Hybride",Il y a 2 semaines,Mention,france
5,Software Engineer Backend @ Implicity,"Ville de Paris, Île-de-France, France Hybride",Il y a 1 semaine,LMACP,france
6,Energy Data Officer,"Paris, Île-de-France, France Sur site",Il y a 1 jour,International Energy Agency (IEA),france
7,"Analyste Risques, Data Management et Développement Applicatif","Paris, Île-de-France, France Sur site",Il y a 1 mois,Jobs via eFinancialCareers,france
8,Business Analyst (Remote),"US, Île-de-France, France À distance",Il y a 5 jours,"Robbins-Gioia, LLC",france
9,Ingénieur production informatique (H/F),"Toulon, Provence-Alpes-Côte d’Azur, France Sur site",Il y a 5 jours,Carriere-info.fr,france
10,Web Designer,"Toulon, Provence-Alpes-Côte d’Azur, France À distance","Il y a 17 heures

                Au cours des 24 dernières heures",Toptal,france
11,Web Designer,"Dijon, Bourgogne-Franche-Comté, France À distance","Il y a 17 heures

                Au cours des 24 dernières heures",Toptal,france
12,Online Marketing Campaign Manager - France,"Ville de Paris, Île-de-France, France Hybride",Il y a 4 jours,JustWatch,france
13,Graduate Consultant - CPD Team (Entry Level),"Paris, Île-de-France, France Sur site",Il y a 2 semaines,ERM: Environmental Resources Management,france
14,Senior QA Engineer,"Ville de Paris, Île-de-France, France À distance",Il y a 2 semaines,Didomi,france
15,Game artist (CDI),"Asnières-sur-Seine, Île-de-France, France Sur site",Il y a 2 jours,Gaming Jobs,france
16,Gestionnaire Paie et ADP  CDI,"Montrouge, Île-de-France, France Hybride",Il y a 3 semaines,IFCAM - Université du Groupe Crédit Agricole,france
17,Web Designer,"Brest, Bretagne, France À distance","Il y a 17 heures

                Au cours des 24 dernières heures",Toptal,france
18,Project Manager - Medical Devices,"Tramoyes, Auvergne-Rhône-Alpes, France Sur site",Il y a 4 jours,PharmiWeb.Jobs,france
19,Analyst,"Paris, Île-de-France, France",Il y a 3 semaines,Kry,france
20,CRA I,"Île-de-France, France",Il y a 1 semaine,PharmiWeb.Jobs,france
21,Opérateur(trice) - Préparateur(rice) événementiel (CDI) (H/F),"Paris, Île-de-France, France Sur site",Il y a 1 semaine,Netkin,france
22,Opérateur ou opératrice Back Office Trésorerie,"Saint-Denis-d'Orques, Pays de la Loire, France Sur site",Il y a 1 jour,Jobs via eFinancialCareers,france
23,Data Engineer – Startup avancée -Data Marketing (H/F) – Poste Pourvu,"Bordeaux, Nouvelle-Aquitaine, France Sur site",Il y a 1 mois,ALTAIDE,france
24,"Technical Director, gt.school (Remote) - $640,000/year USD","Paris, Île-de-France, France À distance",Il y a 1 jour,Crossover for Work,france
0,Software Engineer - Data Infrastructure,"Paris, Île-de-France, France",Il y a 1 semaine,Datadog,france
1,Business Developer Junior,"Paris, Île-de-France, France Sur site",Il y a 1 mois,Gaming Jobs,france
2,Software Engineer - Data Infrastructure,"Paris, Île-de-France, France",Il y a 1 semaine,Datadog,france
3,JOBS ETUDIANTS BOURG DE PEAGE,"Bourg-de-Péage, Auvergne-Rhône-Alpes, France Sur site",Il y a 1 mois,Jobs via eFinancialCareers,france
4,Product Owner Banque/Finance/ Assurance-Lyon,"Lyon, Auvergne-Rhône-Alpes, France Sur site",Il y a 4 jours,Ansys,france
5,Intern f/m,"Pouillon, Nouvelle-Aquitaine, France",Il y a 1 mois,Jobs via eFinancialCareers,france
6,Gest Back-office settlement titres - F/H,"Paris, Île-de-France, France Sur site",Il y a 2 semaines,Michelin,france
7,Support technique Mécanique à Montceau-les-Mines H/F,"Blanzy, Bourgogne-Franche-Comté, France Sur site","Il y a 5 heures

                Au cours des 24 dernières heures",MAMA SHELTER,france
8,Assistant•e RH (F/H/NB),"Issy-les-Moulineaux, Île-de-France, France Hybride",Il y a 1 semaine,Michelin,france
9,Analyste Développeur(se) Outils de Conception Pneu (H/F),"Clermont-Ferrand, Auvergne-Rhône-Alpes, France Sur site",Il y a 4 mois,Jus Mundi,france
10,Product Manager,"Ville de Paris, Île-de-France, France Hybride",Il y a 3 semaines,NAVAL GROUP,france
11,STAGE - Concepteur(rice) de Services et Pipelines de Forge Logicielle - F/H,"Ollioules, Provence-Alpes-Côte d’Azur, France Sur site",Il y a 1 mois,Safran,france
12,Architecte Big Data H/F,"Massy, Île-de-France, France Sur site",Il y a 1 semaine,Agoda,france
13,"Senior Analyst (Bangkok based, relocation provided)","Nice, Provence-Alpes-Côte d’Azur, France",Il y a 1 semaine,Jobs via eFinancialCareers,france
14,Data Engineer,"Paris, Île-de-France, France Sur site",Il y a 1 mois,PharmiWeb.Jobs,france
15,Responsable Projets Gouvernance des Risques Junior F/H,"Paris, Île-de-France, France Sur site",Il y a 1 semaine,Didomi,france
16,"Remote Site Monitor - Lyon, Nantes, Marseille, Bordeaux","Ivry-sur-Seine, Île-de-France, France À distance","Il y a 4 heures

                Au cours des 24 dernières heures",Jobs via eFinancialCareers,france
17,Backend Developer,"Ville de Paris, Île-de-France, France À distance",Il y a 2 semaines,Bip Pop,france
18,Analyste Risques de Crédit F/H,"Paris, Île-de-France, France Sur site",Il y a 1 semaine,Michelin,france
19,Business Development Trainee,Paris et périphérie Hybride,Il y a 2 semaines,,france
20,Opérateur de Production à Bassens (H/F),"Bassens, Nouvelle-Aquitaine, France Sur site",Il y a 1  an,,france
0,Paris Fund Recruiting Quant Macro Researchers,"Paris, Île-de-France, France Sur site",Il y a 1 mois,Jobs via eFinancialCareers,france
1,Ingénieur.e DATA,"Paris, Île-de-France, France Sur site",Il y a 1 mois,Jobs via eFinancialCareers,france
2,Chef de projet SI Bancaire expérimenté H/F,"Paris, Île-de-France, France Sur site",Il y a 1 mois,Jobs via eFinancialCareers,france
3,Talent Sourcing Manager | French-speaking (Internship),"Paris, Île-de-France, France Sur site",Il y a 1 jour,Next Station,france
4,Assistant administratif H/F,"Paris, Île-de-France, France Sur site","Il y a 4 heures

                Au cours des 24 dernières heures",Relais & Châteaux,france
5,Analyste Expert Sanctions Financières niveau 2 (2 CDD ) H/F,"Paris, Île-de-France, France Sur site",Il y a 3 semaines,Jobs via eFinancialCareers,france
6,Project Manager (Analytics Focused) – Based in Bangkok,"Nice, Provence-Alpes-Côte d’Azur, France",Il y a 2 semaines,Agoda,france
7,DBA MySQL - F/H / Freelance,"Puteaux, Île-de-France, France Sur site",Il y a 1 mois,Freelance-info.fr,france
8,IT Tech Support Specialist,"Île-de-France, France Hybride",Il y a 1 semaine,Nexway,france
9,Technical Web Analyst,"Paris, Île-de-France, France",Il y a 3 semaines,Livi,france
10,"Analyst- Supply Insights (Bangkok based, Relocation provided)","Paris, Île-de-France, France",Il y a 2 semaines,Agoda,france
11,"Venture Growth Analyst, SeedInvest","Villanova, Corse, France À distance",Il y a 1 semaine,Circle,france
12,"Analyst- Supply Insights (Bangkok based, Relocation provided)","Nice, Provence-Alpes-Côte d’Azur, France",Il y a 2 semaines,Agoda,france
13,"Analyst (Business Intelligence) – Supply Strategy and Optimisation (Bangkok based, relocation provided)","Nice, Provence-Alpes-Côte d’Azur, France",Il y a 2 semaines,Agoda,france
14,mission 6601 : Testeur Informatique Débutant,"Montpellier, Occitanie, France Sur site",Il y a 1 mois,Roquette,france
15,SECRETAIRE ADMINISTRATIF (H/F),"Limonest, Auvergne-Rhône-Alpes, France Sur site",Il y a 6 jours,UK Startup Jobs,france
16,Laborantin posté,"Beinheim, Grand Est, France Sur site",Il y a 2 semaines,Tenzing Conseil,france
17,"Head of Payment, Fraud and Payment Terms","Paris, Île-de-France, France",Il y a 2 semaines,Relais & Châteaux,france
18,Senior Consultant,"Ville de Paris, Île-de-France, France Hybride",Il y a 1 semaine,Scality,france
19,Assistant administratif H/F,"Paris, Île-de-France, France Sur site","Il y a 4 heures

                Au cours des 24 dernières heures",Générationnel,france
20,"Software Engineer - Senior Level - Paris or Full-Time Remote, France","Paris, Île-de-France, France À distance",Il y a 2 semaines,Michelin,france
21,Head of Sales (H/F)  – CDI – Paris – ASAP – 45/50KE en fixe + variable attractif,Paris et périphérie Hybride,Il y a 4 jours,Jobs via eFinancialCareers,france
22,Opérateur de production Avallon (H/F),"Avallon, Bourgogne-Franche-Comté, France Sur site",Il y a 4 mois,Agoda,france
23,Support Applicatif - H/F,"Paris, Île-de-France, France Sur site",Il y a 1 mois,,france
24,"Senior Data Scientist (Bangkok based, relocation provided)","Paris, Île-de-France, France",Il y a 2 semaines,,france
0,Data Engineer,"Ville de Paris, Île-de-France, France Hybride",Il y a 1 semaine,AXA Group Operations,france
1,Data Scientist Senior,"Île-de-France, France Hybride",Il y a 2 jours,Implicity,france
2,Data Analyst (F/H),"Paris, Île-de-France, France Sur site",Il y a 1 mois,Jobs via eFinancialCareers,france
3,Search Evaluators for Catalan Speakers in France,"Dijon, Bourgogne-Franche-Comté, France À distance",Il y a 2 semaines,Appen,france
4,Data scientist H/F,"Issy-les-Moulineaux, Île-de-France, France Sur site",Il y a 4 semaines,Jobs via eFinancialCareers,france
5,STAGE - Test analyst CRM (H/F),"Clermont-Ferrand, Auvergne-Rhône-Alpes, France Sur site",Il y a 3 mois,Michelin,france
6,Data Analyst - Betting odds,"Paris, Île-de-France, France",Il y a 3 semaines,Gaming Jobs,france
7,Data Engineer H/F,"Yvelines, Île-de-France, France Sur site","Il y a 4 heures

                Au cours des 24 dernières heures",Expleo Group,france
8,Search Evaluators for Catalan Speakers in France,"Toulon, Provence-Alpes-Côte d’Azur, France À distance",Il y a 2 semaines,Appen,france
9,Remote Opportunities in France | Appen,"Ville de Paris, Île-de-France, France À distance",Il y a 3 semaines,Appen,france
10,Graduate Program France - Profil Logistique H/F,"Paris, Île-de-France, France Sur site","Il y a 15 heures

                Au cours des 24 dernières heures",FM Logistic,france
11,Consultant.e Data Scientist (H/F),"Paris, Île-de-France, France Sur site",Il y a 1 mois,Jobs via eFinancialCareers,france
12,Search Evaluators for Catalan Speakers in France,"Clermont-Ferrand, Auvergne-Rhône-Alpes, France À distance",Il y a 2 semaines,Appen,france
13,Product Manager,"Paris, Île-de-France, France","Il y a 18 heures

                Au cours des 24 dernières heures",Livi,france
14,Stagiaire Data Analyst (F/H/NB),"Bordeaux, Nouvelle-Aquitaine, France Sur site",Il y a 1 semaine,Ubisoft,france
15,Assistant Support / Assistant Technician - Service Operations,"Paris, Île-de-France, France Sur site",Il y a 6 jours,Aggreko,france
16,Yacht Accountant,"Antibes, Provence-Alpes-Côte d’Azur, France Hybride","Il y a 2 heures

                Au cours des 24 dernières heures",Hill Robinson Yacht Management,france
17,DATA ANALYST QUALITE VENDEURS F/H,"Bordeaux, Nouvelle-Aquitaine, France Sur site",Il y a 2 semaines,Cdiscount,france
18,Chef de projet web,"Ville de Paris, Île-de-France, France Hybride","Il y a 8 heures

                Au cours des 24 dernières heures",Monsieur Biz,france
0,Customer Success Manager,"Île-de-France, France Hybride",Il y a 2 jours,Implicity,france
1,Consultant Talend Cloud- Remote- MA / Freelance,"Paris, Île-de-France, France À distance",Il y a 3 jours,Freelance-info.fr,france
2,Core Developer,"Nantes, Pays de la Loire, France",Il y a 2 jours,Jobs via eFinancialCareers,france
3,Chef de projet/ Product Owner Assurance Vie F/H,"Paris, Île-de-France, France Sur site",Il y a 4 jours,Kangourou Kids,france
4,Stage Assistant(e) RH H/F,"Roussillon, Provence-Alpes-Côte d’Azur, France Sur site",Il y a 1 semaine,Michelin,france
5,Stage/Alternance - Business development (H/F),"Lyon, Auvergne-Rhône-Alpes, France Sur site",Il y a 2 semaines,FactSet,france
6,Software Engineer Internship,"Paris, Île-de-France, France",Il y a 2 semaines,Jobs via eFinancialCareers,france
7,STAGE - APPUI A L'ANIMATION DU DIALOGUE AVEC LE SECTEUR PRIVE FRANCAIS ET SON ECOSYSTEME - F/H,"Paris, Île-de-France, France Sur site",Il y a 5 jours,Jobs via eFinancialCareers,france
8,Chargé de Projets et Reporting Risques opérationnels F/ H,"Paris, Île-de-France, France Sur site",Il y a 1 semaine,Jobs via eFinancialCareers,france
9,Support Pricing,"Paris, Île-de-France, France Sur site",Il y a 2 jours,Toptal,france
10,Unity Developer,"Reims, Grand Est, France À distance","Il y a 21 heures

                Au cours des 24 dernières heures",PharmiWeb.Jobs,france
11,Clinical Research Associate (CRA) I - sponsor-dedicated,"Paris, Île-de-France, France",Il y a 3 semaines,Advenis,france
12,Chef de projet technique (H/F),Paris et périphérie Sur site,Il y a 1 semaine,Jobs via eFinancialCareers,france
13,Python Quant Developer,"Paris, Île-de-France, France",Il y a 6 jours,Circle,france
14,Venture Portfolio Platform Manager,"Villanova, Corse, France À distance",Il y a 5 jours,Tictactrip,france
15,Full Stack Developer,"Paris, Île-de-France, France Hybride",Il y a 1 semaine,Jobs via eFinancialCareers,france
16,Research analyst / Assistant PM,"Paris, Île-de-France, France Sur site",Il y a 2 semaines,Jobs via eFinancialCareers,france
17,Administrateur Base de Données (DBA) SQL SERVER - SYBASE,"Paris, Île-de-France, France Sur site",Il y a 1 jour,Agoda,france
18,Back End Senior Software Engineer,"Paris, Île-de-France, France",Il y a 2 semaines,Diebold Nixdorf,france
19,Project Manager-Software,"Vélizy-Villacoublay, Île-de-France, France Sur site",Il y a 1 mois,Queensland Health,france
20,Operational Officers - Clermont Multi-Purpose Health Service - Expression of Interest for Ongoing Opportunities,"Clermont-Ferrand, Auvergne-Rhône-Alpes, France Sur site",Il y a 2 mois,Toptal,france
21,Développeur PL-SQL,"Aix-en-Provence, Provence-Alpes-Côte d’Azur, France Sur site",Il y a 1 mois,Agoda,france
22,Unity Developer,"Dijon, Bourgogne-Franche-Comté, France À distance","Il y a 21 heures

                Au cours des 24 dernières heures",Jobs via eFinancialCareers,france
23,"Engineering Manager / Director (Bangkok based, relocation provided)","Paris, Île-de-France, France",Il y a 2 semaines,,france
24,RPA Engineer,"Paris, Île-de-France, France",Il y a 2 semaines,,france
0,Ingénieur IT Quant,"Paris, Île-de-France, France Sur site",Il y a 2 jours,Jobs via eFinancialCareers,france
1,Project Manager (Analytics Focused) – Based in Bangkok,"Paris, Île-de-France, France",Il y a 1 semaine,Agoda,france
2,Gestionnaire Back-Office H/F,"Aix-en-Provence, Provence-Alpes-Côte d’Azur, France Sur site",Il y a 4 mois,Crédit Agricole Alpes Provence,france
3,Beryllium Laboratory Officer (IO0524),"Saint-Paul-lès-Durance, Provence-Alpes-Côte d’Azur, France Hybride",Il y a 3 semaines,ITER Organization,france
4,Associate | Placement Agent | Paris,"Paris, Île-de-France, France",Il y a 2 mois,Jobs via eFinancialCareers,france
5,Jobs étudiants/contrats d'extra H/F,"Mulhouse, Grand Est, France Sur site",Il y a 1 mois,Resort Barrière Ribeauvillé,france
6,Senior Software Development Engineer,"Courbevoie, Île-de-France, France",Il y a 1 semaine,Amazon,france
7,Game Designer 3C (H/F),"Montreuil, Île-de-France, France Sur site",Il y a 1 mois,Gaming Jobs,france
8,Développeur C++,"Paris, Île-de-France, France Sur site",Il y a 1 mois,Jobs via eFinancialCareers,france
9,Solution Consultant ERP - Procure To Pay (H/F),"Clermont-Ferrand, Auvergne-Rhône-Alpes, France Sur site",Il y a 2 semaines,Michelin,france
10,Hôtesse / hôte daccueil,"Paris, Île-de-France, France Sur site","Il y a 4 heures

                Au cours des 24 dernières heures",Relais & Châteaux,france
11,Unity Developer,"Lille, Hauts-de-France, France À distance","Il y a 20 heures

                Au cours des 24 dernières heures",Toptal,france
12,People Operations Expert - Payroll & HR Admin,"Paris, Île-de-France, France Sur site",Il y a 1 semaine,Netatmo,france
13,LVMH Stage – Assistant(e) Transformation RH - 02/22 H/F,"Paris, Île-de-France, France Sur site",Il y a 1 semaine,Page Talent France,france
14,Country Submission Specialist II,"Paris, Île-de-France, France",Il y a 2 semaines,Syneos Health,france
15,Analyste rétablissement et résolution H/F,"Paris, Île-de-France, France Sur site",Il y a 2 semaines,Jobs via eFinancialCareers,france
16,Web Developer,"US, Île-de-France, France Sur site",Il y a 2 semaines,"Advantage Solutions: Sales, Marketing, Technology",france
17,Unity Developer,"Rouen, Normandie, France À distance","Il y a 21 heures

                Au cours des 24 dernières heures",Toptal,france
18,GCP Cloud Data Engineer F/H,Paris et périphérie Hybride,Il y a 1 semaine,OCTO Technology,france
19,Unity Developer,"Brest, Bretagne, France À distance","Il y a 21 heures

                Au cours des 24 dernières heures",Toptal,france
20,recherche stagiaire fin de cycles Edmond de Rothschild,"Paris, Île-de-France, France Sur site",Il y a 1 mois,Jobs via eFinancialCareers,france
21,SECRETAIRE DE DIRECTION,"Creil, Hauts-de-France, France Sur site",Il y a 1 mois,Jobs via eFinancialCareers,france
22,Analyste rétablissement et résolution H/F,"Paris, Île-de-France, France Sur site",Il y a 2 semaines,Jobs via eFinancialCareers,france
23,Gest. Middle-office OPCVM débutant - CDI - F/H,"Paris, Île-de-France, France Sur site",Il y a 1 mois,Voodoo.io,france
24,Voodoo Unity Developer,"Paris, Île-de-France, France",Il y a 1 semaine,,france
0,Développeur Informatica Confirmé H/F,"Niort, Nouvelle-Aquitaine, France Sur site",Il y a 1 semaine,Inetum,france
1,"Analyst & Senior Analyst- Marketing (Bangkok Based, relocation provided)","Paris, Île-de-France, France",Il y a 2 semaines,Agoda,france
2,Senior PHP Developer,France À distance,Il y a 1 jour,Stakha,france
3,Consultant Risque de crédit Stress Test,"Paris, Île-de-France, France Sur site",Il y a 1 jour,Jobs via eFinancialCareers,france
4,Stage - Développement Java,"Toulouse, Occitanie, France Sur site",Il y a 1 mois,CS GROUP,france
5,Clinical Project Manager – France (Biotech),Brest et périphérie,Il y a 1 semaine,PharmiWeb.Jobs,france
6,R&D Engineer II - Python f/m,"Villeurbanne, Auvergne-Rhône-Alpes, France",Il y a 5 jours,Ansys,france
7,"Stage - Venez comme vous êtes, et développez un outil de suivi dune plateforme de production","Seclin, Hauts-de-France, France",Il y a 1 mois,Bruce.work,france
8,Téléconseiller Natif ANGLAIS F/H,"Romainville, Île-de-France, France Sur site",Il y a 1 semaine,Toptal,france
9,Agent Technique Informatique (H/F),Metz et périphérie Sur site,Il y a 3 jours,Tesla,france
10,UX Designer,"Bordeaux, Nouvelle-Aquitaine, France À distance",Il y a 1 jour,Michelin,france
11,Store Supervisor - Chalons-en-Champagne / Reims (H/F),"Saint-Martin-sur-le-Pré, Grand Est, France Sur site",Il y a 1 mois,Jobs via eFinancialCareers,france
12,Solution consultant ERP - Inventory & Costing (H/F),"Clermont-Ferrand, Auvergne-Rhône-Alpes, France Sur site",Il y a 2 semaines,Agoda,france
13,Responsable du pôle Consolidation et Analyses H/F,"Paris, Île-de-France, France Sur site",Il y a 1 semaine,Drops Language Learning,france
14,Back End Engineer (Search),"Paris, Île-de-France, France",Il y a 2 semaines,Jobs via eFinancialCareers,france
15,Lead Data/Product Analyst,France À distance,Il y a 3 semaines,Back Market,france
16,Assistant(e) Middle Office Appel de Marges H/F,"Paris, Île-de-France, France Sur site",Il y a 3 semaines,Talend,france
17,Tech Talent Acquisition Specialist,"Paris, Île-de-France, France Hybride",Il y a 1 semaine,Gaming Jobs,france
18,Principal QA Engineer / QA Owner,"Nantes, Pays de la Loire, France",Il y a 2 semaines,Jet Aviation,france
19,Assistant sponsoring e-sport - Stage - ALDI,"Villepinte, Île-de-France, France Sur site",Il y a 2 jours,Toptal,france
20,Magasinier - Gestionnaire de stock,"Vélizy-Villacoublay, Île-de-France, France Sur site",Il y a 1 semaine,Bao.jobs,france
21,Unity Developer,"Strasbourg, Grand Est, France À distance","Il y a 21 heures

                Au cours des 24 dernières heures",Freelance-info.fr,france
22,⏳ Lead Machine Learning Engineer - SaaS de quality prediction grâce au ML - Full remote,France À distance,"Il y a 9 heures

                Au cours des 24 dernières heures",Jobs via eFinancialCareers,france
23,Développeur TALEND / Freelance,"Paris, Île-de-France, France Sur site",Il y a 1 semaine,,france
24,"International Bank, PCA/Secondary Advisory, Paris","Paris, Île-de-France, France Sur site",Il y a 1 mois,,france
0,Ingénieur études et développement C# Finance,"Paris, Île-de-France, France Sur site",Il y a 1 mois,Jobs via eFinancialCareers,france
1,Business Development Specialist – Italian speaker (Budapest-based),"Paris, Île-de-France, France",Il y a 4 jours,Agoda,france
2,Monteur audiovisuel et assistant(e) communication,"Lille, Hauts-de-France, France Hybride",Il y a 5 jours,DIRECT JOBS TV,france
3,Ux Ui Designer H/F,"Rennes, Bretagne, France Sur site",Il y a 1 semaine,HelloWork,france
4,Fee Collection Officer CDD de 6 mois,"Paris, Île-de-France, France Sur site",Il y a 1 semaine,Jobs via eFinancialCareers,france
5,Clinical Project Manager,"Paris, Île-de-France, France",Il y a 4 jours,PharmiWeb.Jobs,france
6,Assistante Administrative RH,"Paris, Île-de-France, France Sur site",Il y a 1 mois,ATN PARTNERS,france
7,HRIS & Integration Specialist,"Paris, Île-de-France, France",Il y a 3 semaines,Kry,france
8,Opérateur de production Montceau les Mines (H/F),"Blanzy, Bourgogne-Franche-Comté, France Sur site",Il y a 4 mois,Michelin,france
9,"Stage 6 mois: bibliothèque WPF de visualisation de données de simulation, programmation en C# H/F","Villeneuve-Loubet, Provence-Alpes-Côte d’Azur, France",Il y a 2 mois,Ansys,france
10,Chargé de production de reportings liquidités H/F,"Paris, Île-de-France, France Sur site",Il y a 1 semaine,Jobs via eFinancialCareers,france
11,EXPERT ASSURANCE VIE ET SUCCESSIONS H/F,"Neuilly-sur-Seine, Île-de-France, France Sur site",Il y a 6 jours,Jobs via eFinancialCareers,france
12,Petroleum cargo inspector,"Marsa, Occitanie, France Sur site",Il y a 2 semaines,Bureau Veritas Group,france
13,Chef de Projet dédié à l’implémentation des Cartes Commerciales,"Paris, Île-de-France, France Sur site",Il y a 1 mois,Jobs via eFinancialCareers,france
14,MOA IT Finance - COPERNEEC,"Paris, Île-de-France, France Sur site",Il y a 3 semaines,Jobs via eFinancialCareers,france
15,Health Economist,"Paris, Île-de-France, France",Il y a 4 jours,Livi,france
16,Business Development Trainee,"Ville de Paris, Île-de-France, France Sur site",Il y a 3 semaines,Join Lion,france
17,Stage en Génie des procédés à Bassens (H/F),"Bassens, Nouvelle-Aquitaine, France Sur site",Il y a 4 jours,Michelin,france
18,Product Owner / Product Manager,"Ville de Paris, Île-de-France, France Hybride",Il y a 2 semaines,WeFiiT,france
19,Consultants EEPE – CVA,"Paris, Île-de-France, France Sur site",Il y a 2 semaines,Jobs via eFinancialCareers,france
20,"Clinical Research Associate II outsourced to global pharma / Île-de-France, 100% Home based",France À distance,Il y a 1 semaine,PharmiWeb.Jobs,france
21,Associate Consultant - Human Rights (Associate Level),"Paris, Île-de-France, France",Il y a 1 semaine,ERM: Environmental Resources Management,france
22,Assistant administratif (HF) (H/F),"Limonest, Auvergne-Rhône-Alpes, France Sur site",Il y a 6 jours,DOMINO STAFF LYON,france
23,Ingénieur de production UNIX LINUX,"Paris, Île-de-France, France Sur site",Il y a 2 semaines,Jobs via eFinancialCareers,france
24,Senior Full Stack Developer (Focus Frontend) - Remote in EMEA,"Paris, Île-de-France, France À distance",Il y a 5 jours,Lightspeed HQ,france
0,Work from Home Remotely - Part Time Sales,"US, Île-de-France, France À distance",Il y a 3 jours,Vector Marketing,france
1,Work from Home Remotely - Part Time Sales,"US, Île-de-France, France À distance",Il y a 3 jours,Vector Marketing,france
2,STAGE - Assistant(e) Modélisateur ALM H/F,"Paris, Île-de-France, France Sur site",Il y a 4 jours,Jobs via eFinancialCareers,france
3,[CDI] Data Engineer,"Ville de Paris, Île-de-France, France Hybride",Il y a 1 semaine,LMACP,france
4,DATA ANALYST QUALITE VENDEURS,"Bordeaux, Nouvelle-Aquitaine, France Sur site",Il y a 1 mois,Jobs via eFinancialCareers,france
5,Data Scientist - COPERNEEC,"Paris, Île-de-France, France Sur site",Il y a 1 mois,Roquette,france
6,Stage Excellence opérationnelle Achats,"Lestrem, Hauts-de-France, France Sur site","Il y a 4 heures

                Au cours des 24 dernières heures",Agoda,france
7,"People Data Analyst(Bangkok based, relocation provided)","Nice, Provence-Alpes-Côte d’Azur, France",Il y a 1 semaine,Michelin,france
8,Stage - Exposition et Analyse de données Finance/Achats (H/F),"Clermont-Ferrand, Auvergne-Rhône-Alpes, France Sur site",Il y a 3 semaines,Jobs via eFinancialCareers,france
9,Analyste Risques Techniques et Financiers (H/F),"Paris, Île-de-France, France Sur site","Il y a 19 heures

                Au cours des 24 dernières heures",PayFit France,france
10,Data Engineer (H/S/T),"Paris, Île-de-France, France Sur site",Il y a 5 jours,WHSmith,france
11,Sales Assistant - Ascot,"Asques, Occitanie, France Sur site",Il y a 1 semaine,Roquette,france
12,CDD - Transport Invoicing Agent,"Lestrem, Hauts-de-France, France Sur site",Il y a 1 semaine,Freelance-info.fr,france
13,Data Engineer SSIS / Freelance,"Paris, Île-de-France, France Sur site",Il y a 5 jours,The Tour Guy,france
14,Director of Product EMEA,France À distance,"Il y a 5 heures

                Au cours des 24 dernières heures",Datadog,france
15,IT Support Technician,"Paris, Île-de-France, France",Il y a 1 semaine,Datadog,france
16,IT Support Technician,"Paris, Île-de-France, France",Il y a 1 semaine,WHSmith,france
17,Sales Assistant - Ascot,"Asques, Occitanie, France Sur site",Il y a 1 semaine,Michelin,france
18,Stage - Data Analyst Invoice to cash (H/F),"Clermont-Ferrand, Auvergne-Rhône-Alpes, France Sur site",Il y a 3 jours,PayFit France,france
19,Brand Strategist (all genders),"Ville de Paris, Île-de-France, France Hybride","Il y a 4 heures

                Au cours des 24 dernières heures",ARMOR,france
20,Stage DevOps (H/F),"Nantes, Pays de la Loire, France Sur site",Il y a 6 jours,Michelin,france
21,Data Scientist Senior or Lead _ Clermont-Ferrand Rhône-Alpes (M/F),"Clermont-Ferrand, Auvergne-Rhône-Alpes, France",Il y a 4 mois,Agoda,france
22,"Analyst, Partner Development(PDe) – SQL, R, Python, Pandas, Scala (Bangkok-based, relocation provided)","Nice, Provence-Alpes-Côte d’Azur, France",Il y a 2 semaines,Epitech Recrutement,france
23,Commercial B to B,"Lyon, Auvergne-Rhône-Alpes, France Sur site","Il y a 10 heures

                Au cours des 24 dernières heures",Michelin,france
24,Stage : Digitalisation des actifs immobiliers (H/F),"Clermont-Ferrand, Auvergne-Rhône-Alpes, France Sur site",Il y a 2 jours,,france
0,CONSULTANT(E) CASH MANAGEMENT – CDI H/F,"Paris, Île-de-France, France Sur site",Il y a 1 mois,Jobs via eFinancialCareers,france
1,Software Engineer,"Savigny-sur-Seille, Bourgogne-Franche-Comté, France Sur site",Il y a 1 mois,Sedgwick,france
2,Concierge Performance Associate,"US, Île-de-France, France Sur site",Il y a 3 semaines,Jobs via eFinancialCareers,france
3,Risk Manager SSI Adjoint,"Paris, Île-de-France, France Sur site",Il y a 3 semaines,Jobs via eFinancialCareers,france
4,Consultant Quant Crédit - AWALEE,"Paris, Île-de-France, France Sur site",Il y a 1 mois,Gaming Jobs,france
5,Monteur Vidéo,"Blagnac, Occitanie, France Sur site",Il y a 3 semaines,Michelin,france
6,Ingénieur performance Comportement Routier (H/F),"Clermont-Ferrand, Auvergne-Rhône-Alpes, France Sur site",Il y a 4 jours,Anzul Multimedia & Consultancy,france
7,Video Producer & Editor,France À distance,Il y a 6 jours,Carriere-info.fr,france
8,Ingénieur de production Windows h/f (IT),"Suresnes, Île-de-France, France Sur site","Il y a 7 heures

                Au cours des 24 dernières heures",PharmiWeb.Jobs,france
9,Study Start Up Manager,"Tramoyes, Auvergne-Rhône-Alpes, France",Il y a 1 semaine,Degreed,france
10,Talent Acquisition Coordinator - EMEA,"Paris, Île-de-France, France À distance",Il y a 1 semaine,Jobs via eFinancialCareers,france
11,Chargé de reporting F/H Paris 75,"Ivry-sur-Seine, Île-de-France, France Sur site",Il y a 1 mois,Alma,france
12,Partner Specialist Internship,"Ville de Paris, Île-de-France, France Sur site",Il y a 5 jours,CSC Generation,france
13,Software Engineering Manager,"US, Île-de-France, France",Il y a 2 semaines,Toptal,france
14,UX Designer,"Nice, Provence-Alpes-Côte d’Azur, France À distance",Il y a 1 jour,Jobs via eFinancialCareers,france
15,ESG Real Estate analyst,"Paris, Île-de-France, France Sur site",Il y a 4 jours,Jobs via eFinancialCareers,france
16,H/F Analyste Quantitatif en R&D FO,"Paris, Île-de-France, France Sur site",Il y a 1 mois,Jobs via eFinancialCareers,france
17,Administrateur Base de Données (DBA) ORACLE,"Paris, Île-de-France, France Sur site",Il y a 1 jour,Tomorrow Jobs,france
18,Chargé de recrutement IT,"Nancy, Grand Est, France Sur site",Il y a 3 semaines,Jobs via eFinancialCareers,france
19,Ingénieur Sytème Linux - Paris,"Paris, Île-de-France, France Sur site",Il y a 1 semaine,Hays,france
20,Head of Career Centre,"Nice, Provence-Alpes-Côte d’Azur, France Sur site",Il y a 4 jours,Toptal,france
21,eCommerce Designer,"Toulouse, Occitanie, France À distance","Il y a 18 heures

                Au cours des 24 dernières heures",Freelance-info.fr,france
22,Développeur Front-end / Freelance,"Paris, Île-de-France, France Sur site",Il y a 3 semaines,Jobs via eFinancialCareers,france
23,Consultant .Net / Asset Management,"Paris, Île-de-France, France Sur site",Il y a 1 semaine,Syneos Health,france
24,Clinical Trial Associate / Sponsor dedicated,"Paris, Île-de-France, France",Il y a 3 jours,,france
0,Gestionnaire Back-office OST,"Paris, Île-de-France, France Sur site",Il y a 1 mois,Jobs via eFinancialCareers,france
1,Développeur front-end,"Ville de Paris, Île-de-France, France Hybride",Il y a 1 jour,Tailor-nft,france
2,Sr. Software Engineer (Remote),"Paris, Île-de-France, France À distance",Il y a 2 semaines,CrowdStrike,france
3,CHEF DE PROJET SENIOR H/F,"Paris, Île-de-France, France Sur site",Il y a 1 mois,Jobs via eFinancialCareers,france
4,Junior TC service engineer,"Lyon, Auvergne-Rhône-Alpes, France Sur site",Il y a 2 semaines,Aggreko,france
5,Préparateur de Commandes H/F,"Val-de-la-Haye, Normandie, France Sur site","Il y a 9 heures

                Au cours des 24 dernières heures",Bruce.work,france
6,Ingénieur production,"Ville de Paris, Île-de-France, France Sur site","Il y a 9 heures

                Au cours des 24 dernières heures",EPI SYSTEM,france
7,Technicien de maintenance,"Vélizy-Villacoublay, Île-de-France, France Sur site",Il y a 1 jour,ATN PARTNERS,france
8,TM0122 - Technicien(ne) de laboratoire en recherche translationnelle,"Bordeaux, Nouvelle-Aquitaine, France Sur site","Il y a 23 heures

                Au cours des 24 dernières heures",Explicyte,france
9,Senior Data Analyst – Beds Network [Bangkok],"Paris, Île-de-France, France",Il y a 2 semaines,Agoda,france
10,Product Owner M/F - Permanent Contract,"Île-de-France, France Sur site",Il y a 2 semaines,Disneyland Paris,france
11,Analyste Quantitatif Risque de Crédit (H/F),"Paris, Île-de-France, France Sur site",Il y a 3 semaines,Jobs via eFinancialCareers,france
12,Chef de projet Affaires Réglementaire H/F,"Gentilly, Île-de-France, France Sur site",Il y a 1 semaine,BIOCODEX,france
13,Consultant/Manager ALM/RISK,"Paris, Île-de-France, France Sur site",Il y a 3 semaines,Jobs via eFinancialCareers,france
14,Chargé de production de reportings liquidités H/F,"Paris, Île-de-France, France Sur site",Il y a 1 semaine,Jobs via eFinancialCareers,france
15,Support technique Automatisme à Bourges (H/F),"Saint-Doulchard, Centre-Val de Loire, France Sur site",Il y a 4 mois,Michelin,france
16,"Tech Firm, Corp M&A, Paris","Paris, Île-de-France, France Sur site",Il y a 1 mois,Jobs via eFinancialCareers,france
17,Business Development Specialist – French speaker (Budapest-based),"Nice, Provence-Alpes-Côte d’Azur, France",Il y a 4 jours,Agoda,france
18,Stage Middle Officer,"Paris, Île-de-France, France Sur site",Il y a 2 semaines,Jobs via eFinancialCareers,france
19,COST CONTROLLER (H/F/NB),"Puteaux, Île-de-France, France Sur site",Il y a 6 jours,MAMA SHELTER,france
20,Stage : Ingénieur AI Ops,"Lyon, Auvergne-Rhône-Alpes, France Sur site",Il y a 1 mois,Airbus,france
21,Cockpit Operation Specialist and Function Designer (h/f),"Toulouse, Occitanie, France",Il y a 1 mois,Airbus,france
22,CAISSIER (H/F),"Colmar, Grand Est, France Sur site",Il y a 3 semaines,Showpad,france
23,Powerplant Integration Test Specialist (m/f),"Toulouse, Occitanie, France Sur site",Il y a 2 semaines,,france
24,Product Manager User Management,France À distance,Il y a 6 jours,,france
0,"Senior Analyst- Customer Experience Group(Bangkok Based, relocation provided)","Nice, Provence-Alpes-Côte d’Azur, France",Il y a 2 semaines,Agoda,france
1,Solution Consultant ERP - Processus d'approvisionnement (H/F),"Clermont-Ferrand, Auvergne-Rhône-Alpes, France Sur site",Il y a 2 semaines,Michelin,france
2,Product Manager - (Remote),"Strasbourg, Grand Est, France À distance",Il y a 2 semaines,Sensata Technologies,france
3,Senior Web Developer Full Stack M/F - Permanent Contract,"Marne-la-Vallée, Île-de-France, France Sur site",Il y a 2 semaines,Disneyland Paris,france
4,eCommerce Designer,"Marseille, Provence-Alpes-Côte d’Azur, France À distance","Il y a 18 heures

                Au cours des 24 dernières heures",Toptal,france
5,Lead Data Analyst - SaaS Start Up - Paris,"Paris, Île-de-France, France",Il y a 2 semaines,Jobs via eFinancialCareers,france
6,Back Office Loan IQ,"Paris, Île-de-France, France Sur site",Il y a 1 mois,Jobs via eFinancialCareers,france
7,Associate Recruiter (23166),"US, Île-de-France, France",Il y a 2 semaines,"Levi, Ray & Shoup, Inc. (LRS)",france
8,technicien biorpduction en journée (CDI) - PACA,"Nice, Provence-Alpes-Côte d’Azur, France Sur site","Il y a 5 heures

                Au cours des 24 dernières heures",PharmiWeb.Jobs,france
9,Legal Trainee,"Saint-Michel-Labadié, Occitanie, France Sur site",Il y a 3 jours,Aggreko,france
10,"Data Privacy Counsel (Bangkok Based, Relocation Provided)","Paris, Île-de-France, France",Il y a 2 semaines,Agoda,france
11,Clinical Research Associate (CRA) II - sponsor-dedicated - Paris,"Paris, Île-de-France, France Sur site",Il y a 5 jours,PharmiWeb.Jobs,france
12,"Senior AI / Machine Learning Engineer (Bangkok based, relocation provided)","Paris, Île-de-France, France",Il y a 2 semaines,Agoda,france
13,CONSULTANT(H/F) MOA REPORTING ASSET MANAGEMENT,"Paris, Île-de-France, France Sur site",Il y a 1 mois,Jobs via eFinancialCareers,france
14,Chef de Projet Cybersécurité Cloud,"Paris, Île-de-France, France Sur site",Il y a 1 mois,Jobs via eFinancialCareers,france
15,MO Private Capital H/F,"Paris, Île-de-France, France Sur site",Il y a 1 mois,Jobs via eFinancialCareers,france
16,Business analyst / Chef de projet / Product Owner,"Paris, Île-de-France, France Sur site",Il y a 1 mois,Jobs via eFinancialCareers,france
17,"Software Developer, Trilogy (Remote) - $100,000/year USD","Toulouse, Occitanie, France À distance",Il y a 1 jour,Crossover for Work,france
18,Risk management (Métier et Projet),"Paris, Île-de-France, France Sur site",Il y a 1 mois,Jobs via eFinancialCareers,france
19,Chef de projet MOA Asset Management,"Paris, Île-de-France, France Sur site",Il y a 1 mois,Jobs via eFinancialCareers,france
20,eCommerce Designer,"Montpellier, Occitanie, France À distance","Il y a 18 heures

                Au cours des 24 dernières heures",Toptal,france
21,Product Manager - Insurance (F/H),"Paris, Île-de-France, France",Il y a 1 mois,Ornikar,france
22,ENQUETEUR FORENSIC CORPORATE (H/F),"Clermont-Ferrand, Auvergne-Rhône-Alpes, France Sur site",Il y a 2 semaines,Michelin,france
23,UX Designer,"Paris, Île-de-France, France À distance",Il y a 1 jour,Toptal,france
24,Lead Développeur Python/React - Full Remote,"Aix-en-Provence, Provence-Alpes-Côte d’Azur, France À distance",Il y a 1 mois,Easy Partner,france
0,Business analyst Commodities (H/F) - CDI,"Paris, Île-de-France, France Sur site",Il y a 1 mois,Jobs via eFinancialCareers,france
1,Technical Product Consultant - Cluster Management and HTTP/REST API Infrastructure,"Paris, Île-de-France, France",Il y a 3 jours,Jobs via eFinancialCareers,france
2,Stage en Maintenance / automatisme à Troyes (H/F),"La Chapelle-Saint-Luc, Grand Est, France Sur site",Il y a 2 semaines,Michelin,france
3,Support - Analyst IT Run H/F,"Paris, Île-de-France, France Sur site",Il y a 2 mois,Objectware,france
4,Stage - Chargé de Missions Qualité (H/F),"Montigny-Lengrain, Hauts-de-France, France Sur site",Il y a 3 semaines,Roquette,france
5,Ingénieur de production Unix H/F,"Arcueil, Île-de-France, France Hybride",Il y a 2 semaines,MGI Consultants,france
6,Chargé d'étude fonction actuarielle (H/F),"Paris, Île-de-France, France Sur site",Il y a 2 semaines,Jobs via eFinancialCareers,france
7,AGENT DE TRI H/F,"Couëron, Pays de la Loire, France Sur site","Il y a 18 heures

                Au cours des 24 dernières heures",PharmiWeb.Jobs,france
8,Chef de Projet CMC,"Île-de-France, France Sur site",Il y a 1 semaine,Jobs via eFinancialCareers,france
9,Consultant C#,"Paris, Île-de-France, France Sur site",Il y a 1 mois,Les Ripeurs,france
10,Team Leader - Customer Success Management H/F,"Pantin, Île-de-France, France Sur site",Il y a 3 semaines,Amazon,france
11,"Snr Product Manager, BOPIS SX","Paris, Île-de-France, France",Il y a 2 semaines,Back Market,france
12,Tech Talent Acquisition Specialist,"Bordeaux, Nouvelle-Aquitaine, France Hybride",Il y a 1 semaine,Toptal,france
13,UX Designer,"Toulouse, Occitanie, France À distance",Il y a 1 jour,PharmiWeb.Jobs,france
14,Clinical Project Manager II - home based anywhere in EMEA,"Pleine-Fougères, Bretagne, France À distance",Il y a 3 semaines,Toptal,france
15,Legal Assistant Jobs,"Paris, Île-de-France, France Sur site",Il y a 1 mois,Michelin,france
16,UX Designer,"Rouen, Normandie, France À distance",Il y a 1 jour,Criteo,france
17,Stage - Communication Accompagnement de la Culture Digitale (H/F),"La Chapelle-Saint-Luc, Grand Est, France Sur site",Il y a 3 semaines,Agoda,france
18,Senior Site Reliability Engineer (PRE Platform Team),"Paris, Île-de-France, France",Il y a 1 jour,Jobs via eFinancialCareers,france
19,Back End Lead / Staff Software Engineer (Bangkok based – Relocation provided),"Paris, Île-de-France, France",Il y a 2 semaines,Toptal,france
20,Business Analyste Loan IQ,"Paris, Île-de-France, France Sur site",Il y a 1 mois,Luxoft,france
21,UX Designer,"Montpellier, Occitanie, France À distance",Il y a 1 jour,Supermood,france
22,DevOps / Cloud Migration Engineers,"Lacaussade, Nouvelle-Aquitaine, France À distance",Il y a 1 semaine,Michelin,france
23,Front End Lead,"Ville de Paris, Île-de-France, France Hybride",Il y a 2 semaines,,france
24,Spécialiste Prévention MICHELIN Site de TROYES (H/F),"La Chapelle-Saint-Luc, Grand Est, France Sur site","Il y a 9 heures

                Au cours des 24 dernières heures",,france
0,UX Designer,"Lyon, Auvergne-Rhône-Alpes, France À distance",Il y a 1 jour,Toptal,france
1,UX Designer,"Marseille, Provence-Alpes-Côte d’Azur, France À distance",Il y a 1 jour,Toptal,france
2,Analyste Pricing et Investissement H/F,"Paris, Île-de-France, France Sur site",Il y a 2 semaines,Jobs via eFinancialCareers,france
3,eCommerce Designer,"Angers, Pays de la Loire, France À distance","Il y a 18 heures

                Au cours des 24 dernières heures",Toptal,france
4,Gestionnaire Expérience Etudiante,Paris et périphérie Sur site,Il y a 1 semaine,KEDGE Business School,france
5,eCommerce Designer,"Villeurbanne, Auvergne-Rhône-Alpes, France À distance","Il y a 18 heures

                Au cours des 24 dernières heures",Toptal,france
6,Chef de projet SI Analyse Financière Prêt H/F,"Paris, Île-de-France, France Sur site",Il y a 3 semaines,Jobs via eFinancialCareers,france
7,Ingénieur de Support et Production Electronic Trading,"Paris, Île-de-France, France Sur site",Il y a 1 jour,Jobs via eFinancialCareers,france
8,UX Designer,"Angers, Pays de la Loire, France À distance",Il y a 1 jour,Toptal,france
9,UX Designer,"Villeurbanne, Auvergne-Rhône-Alpes, France À distance",Il y a 1 jour,Toptal,france
10,Contrôleur Permanent / Conformité (F/H),"Paris, Île-de-France, France Sur site",Il y a 3 semaines,Jobs via eFinancialCareers,france
11,Stagiaire Sharepoint,"Paris, Île-de-France, France Sur site",Il y a 3 semaines,Jobs via eFinancialCareers,france
12,"C++ Developer, GFI Software (Remote) - $100,000/year USD","Paris, Île-de-France, France À distance",Il y a 1 jour,Crossover for Work,france
13,"Security Automation Engineer ( Bangkok based, relocation provided)","Paris, Île-de-France, France",Il y a 2 semaines,Agoda,france
14,Cybersecurity Subject Matter Expert (SME),"US, Île-de-France, France Sur site",Il y a 6 jours,Jobs via eFinancialCareers,france
15,Analyste et Suivi de P&L,"Paris, Île-de-France, France Sur site",Il y a 2 jours,Toptal,france
16,UX Designer,"Reims, Grand Est, France À distance",Il y a 1 jour,Agoda,france
17,"DevOps Engineer (Bangkok based, relocation provided)","Paris, Île-de-France, France",Il y a 2 semaines,Toptal,france
18,eCommerce Designer,"Lyon, Auvergne-Rhône-Alpes, France À distance","Il y a 18 heures

                Au cours des 24 dernières heures",Jobs via eFinancialCareers,france
19,Analyste Quantitatif - Modélisation du Risques de Crédit - H/F,"Issy-les-Moulineaux, Île-de-France, France À distance",Il y a 2 semaines,Agoda,france
20,Assistant(e) Comptable,"Sainte-Croix-en-Jarez, Auvergne-Rhône-Alpes, France",Il y a 2 semaines,Jobs via eFinancialCareers,france
21,"Senior Software Engineer – Real-Time Microservices (Bangkok based, relocation provided)","Paris, Île-de-France, France",Il y a 2 semaines,Agoda,france
22,Consultant C# Craft en Finance,"Paris, Île-de-France, France Sur site",Il y a 1 mois,,france
23,Java Developer,"Nice, Provence-Alpes-Côte d’Azur, France Sur site",Il y a 4 jours,,france
24,Partner Development Team Leader (Hungary-based),"Paris, Île-de-France, France",Il y a 4 jours,,france
0,Consultant Talend Cloud- Remote- MA,"Paris, Île-de-France, France À distance",Il y a 4 jours,Montreal Associates,france
1,Chef de projets/Consultants/Analystes CANADA,"Île-de-France, France Hybride",Il y a 1 semaine,OBJECTIF CANADA,france
2,Medical information specialist - first job abroad,"Paris, Île-de-France, France","Il y a 4 heures

                Au cours des 24 dernières heures",PharmiWeb.Jobs,france
3,Product Researcher,"Bois-Colombes, Île-de-France, France Hybride",Il y a 1 semaine,Enablon,france
4,STAGE ASSISTANT BANQUIER PRIVE (H/F),"Bordeaux, Nouvelle-Aquitaine, France Sur site",Il y a 1 jour,Jobs via eFinancialCareers,france
5,"People Data Analyst(Bangkok based, relocation provided)","Paris, Île-de-France, France",Il y a 1 semaine,Agoda,france
6,"Analyst, Partner Development – SQL, R, Python, Pandas, Scala (Bangkok-based, relocation provided)","Paris, Île-de-France, France",Il y a 2 semaines,Agoda,france
7,Stage IT 6 mois / Alternance,"Paris, Île-de-France, France Sur site",Il y a 2 semaines,UBS,france
8,"Analyst, Partner Development(PDe) – SQL, R, Python, Pandas, Scala (Bangkok-based, relocation provided)","Paris, Île-de-France, France",Il y a 2 semaines,Agoda,france
9,Start Up Adding Full Time Quant Analysts,"Paris, Île-de-France, France Sur site",Il y a 1 mois,Jobs via eFinancialCareers,france
10,"STRATEGY CONSULTANT (F/M/D) TELECOMMUNICATIONS, MEDIA AND TECHNOLOGY","Ville de Paris, Île-de-France, France Sur site",Il y a 1 semaine,Altman Solon,france
11,Weekly Guide FAMFUN Sunweb Winter 2021-2022,"Les Places, Normandie, France Sur site",Il y a 1 semaine,Sunweb Group,france
12,Data Engineer,"Lyon, Auvergne-Rhône-Alpes, France Sur site",Il y a 2 semaines,Solvay,france
13,Data Scientist / machine learning (min 5 ans),"Paris, Île-de-France, France Sur site",Il y a 1 mois,Jobs via eFinancialCareers,france
14,Business Developer,Lyon et périphérie Hybride,"Il y a 7 heures

                Au cours des 24 dernières heures",TWYD,france
15,"Analyst, Partner Development – SQL, R, Python, Pandas, Scala (Bangkok-based, relocation provided)","Paris, Île-de-France, France",Il y a 2 semaines,Agoda,france
16,Research Assistant,"Tours, Centre-Val de Loire, France Sur site",Il y a 2 semaines,PharmiWeb.Jobs,france
17,Administrative Assistant & Site Support,"Amiens, Hauts-de-France, France",Il y a 1 semaine,Michelin,france
18,Stage-structuration de données en support de la transformation de la R&D et structuration pilotage portefeuilles activité référentiels (H/F),"Clermont-Ferrand, Auvergne-Rhône-Alpes, France Sur site",Il y a 3 semaines,Jobs via eFinancialCareers,france
19,Data Engineer,"Bois-Colombes, Île-de-France, France Sur site",Il y a 4 jours,Jobs via eFinancialCareers,france
20,IT Front Office,"Paris, Île-de-France, France Sur site",Il y a 3 semaines,CSC Generation,france
21,Data Engineer,"US, Île-de-France, France",Il y a 2 semaines,Jobs via eFinancialCareers,france
22,CDI - Inspecteur (Audit interne) H/F,"Paris, Île-de-France, France Sur site",Il y a 1 semaine,Voodoo.io,france
23,Head of Growth Products,"Paris, Île-de-France, France","Il y a 6 heures

                Au cours des 24 dernières heures",ASI ®,france
24,Consultant.e décisionnel spécialiste MSBI - CDI (F/H),"Lyon, Auvergne-Rhône-Alpes, France Sur site",Il y a 1 semaine,,france
0,Financial Analyst M/F Temporary Contract,"Marne-la-Vallée, Île-de-France, France Sur site",Il y a 3 jours,Disneyland Paris,france
1,Prevention Technician - Product Compliance - H/F - Permanent contract,"Marne-la-Vallée, Île-de-France, France Sur site",Il y a 6 jours,Disneyland Paris,france
2,Stage – Data Science : Contrôle d’un Procédé de Fabrication de Mélanges pour Pneumatique par Apprentissage par Renforcement (H/F),"Clermont-Ferrand, Auvergne-Rhône-Alpes, France Sur site",Il y a 1 semaine,Michelin,france
3,Lecturer in Data Analytics and Visualisation,"Paris, Île-de-France, France Sur site",Il y a 1 semaine,UNSW,france
4,Closer,"Frontignan, Occitanie, France Sur site","Il y a 10 heures

                Au cours des 24 dernières heures",E-com Media Agency,france
5,Consultant(e) Quant modèle & Développeur (H/F),"Paris, Île-de-France, France Sur site",Il y a 3 semaines,Jobs via eFinancialCareers,france
6,Mandataire d'Assurance - (F/H) - 38,"Is-sur-Tille, Bourgogne-Franche-Comté, France Sur site",Il y a 1 mois,AXA en France,france
7,"Cyber Security Analyst (Bangkok based, relocation provided)","Paris, Île-de-France, France",Il y a 1 semaine,Agoda,france
8,STAGE - CLIMAT ET DEVELOPPEMENT H/F,"Paris, Île-de-France, France Sur site",Il y a 6 jours,Jobs via eFinancialCareers,france
9,Data Engineer,"Nice, Provence-Alpes-Côte d’Azur, France À distance","Il y a 21 heures

                Au cours des 24 dernières heures",Toptal,france
10,Product Owner/PM Assurance-CDI H/F,"Paris, Île-de-France, France Sur site",Il y a 5 jours,Jobs via eFinancialCareers,france
11,CTO F/H,"Metz, Grand Est, France Sur site","Il y a 8 heures

                Au cours des 24 dernières heures",Tomorrow Jobs,france
12,Stage développement logiciel - Intégration de tests d'application Web (H/F),"Clermont-Ferrand, Auvergne-Rhône-Alpes, France Sur site",Il y a 1 semaine,Michelin,france
13,Data Engineer,"Lyon, Auvergne-Rhône-Alpes, France À distance","Il y a 21 heures

                Au cours des 24 dernières heures",Toptal,france
14,Data Engineer,"Villeurbanne, Auvergne-Rhône-Alpes, France À distance","Il y a 21 heures

                Au cours des 24 dernières heures",Toptal,france
15,Data Engineer (IT),"Paris, Île-de-France, France Sur site",Il y a 1 semaine,Carriere-info.fr,france
16,Data Engineer,"Bordeaux, Nouvelle-Aquitaine, France À distance","Il y a 21 heures

                Au cours des 24 dernières heures",Toptal,france
17,Mandataire d'Assurance (F/H)- Nord,"Arleux, Hauts-de-France, France Sur site",Il y a 3 semaines,AXA en France,france
18,Consultant IT Quant,"Paris, Île-de-France, France Sur site",Il y a 1 semaine,Jobs via eFinancialCareers,france
19,ANALYSTE KYC H/F,"Paris, Île-de-France, France Sur site",Il y a 4 semaines,Jobs via eFinancialCareers,france
20,Laboratory Analyst,"Le Pin-au-Haras, Normandie, France Sur site",Il y a 1 semaine,Alcoa,france
21,Data Engineer,"Marseille, Provence-Alpes-Côte d’Azur, France À distance","Il y a 21 heures

                Au cours des 24 dernières heures",Toptal,france
22,CDI - Inspecteur (Audit interne) H/F,"Paris, Île-de-France, France Sur site",Il y a 1 semaine,Jobs via eFinancialCareers,france
23,Data Engineer,"Toulouse, Occitanie, France À distance","Il y a 21 heures

                Au cours des 24 dernières heures",Toptal,france
24,Data Engineer,"Paris, Île-de-France, France À distance","Il y a 21 heures

                Au cours des 24 dernières heures",Toptal,france
0,Analyste Risques (Junior),"Paris, Île-de-France, France Sur site",Il y a 1 semaine,Jobs via eFinancialCareers,france
1,(CDI) INSPECTEUR AUDIT IT (AUDIT INTERNE) H/F,"Paris, Île-de-France, France Sur site",Il y a 1 semaine,Jobs via eFinancialCareers,france
2,Associate Data Analyst- Customer Experience Group | Bangkok-based,"Nice, Provence-Alpes-Côte d’Azur, France",Il y a 2 semaines,Agoda,france
3,Data Engineer,"Montpellier, Occitanie, France À distance","Il y a 21 heures

                Au cours des 24 dernières heures",Toptal,france
4,Stage - Mise en place d’un portail de cartographie des applications de BI (Business Intelligence) du groupe Michelin(H/F),"Clermont-Ferrand, Auvergne-Rhône-Alpes, France Sur site",Il y a 4 semaines,Michelin,france
5,Back End Team – Engineer (Bangkok based – Relocation provided),"Paris, Île-de-France, France",Il y a 2 semaines,Agoda,france
6,Stagiaire Développeur B.I – 6 mois – Noisy le grand (93) – H/F H/F,"Vergisson, Bourgogne-Franche-Comté, France Sur site",Il y a 1 semaine,Protectline (JV Orange-Groupama),france
7,ANALYSTE D&#39;EXPLOITATION / Freelance,"Paris, Île-de-France, France Sur site",Il y a 5 jours,Freelance-info.fr,france
8,Data Engineer,"Angers, Pays de la Loire, France À distance","Il y a 21 heures

                Au cours des 24 dernières heures",Toptal,france
9,Stage en Maîtrise des Développements en Bureau d'études à Clermont-Fd (H/F),"Clermont-Ferrand, Auvergne-Rhône-Alpes, France Sur site",Il y a 4 jours,Michelin,france
10,Data Ingénieur&#44; Expert SSIS (H/F) / Freelance,"Paris, Île-de-France, France Sur site",Il y a 1 jour,Freelance-info.fr,france
11,Talend Developer,"Nantes, Pays de la Loire, France Sur site",Il y a 1 semaine,"TheFork, a TripAdvisor company",france
12,Stage - Chargé(e) de mission Formation (H/F),"La Chapelle-Saint-Luc, Grand Est, France Sur site",Il y a 3 jours,Michelin,france
13,"AIRCAPTIF, filiale du Groupe Michelin, DRH - Région Parisienne (H/F)","Boulogne-Billancourt, Île-de-France, France Sur site","Il y a 19 heures

                Au cours des 24 dernières heures",Michelin,france
14,Business Analyst Risque (F/H),"Paris, Île-de-France, France Sur site",Il y a 1 semaine,Jobs via eFinancialCareers,france
15,Candidate Specialist,"Villanova, Corse, France À distance",Il y a 1 semaine,Circle,france
16,Data Engineer,"Reims, Grand Est, France À distance","Il y a 22 heures

                Au cours des 24 dernières heures",Toptal,france
17,Talend Developer,"Nantes, Pays de la Loire, France Sur site",Il y a 1 jour,"TheFork, a TripAdvisor company",france
18,Inspecteur informatique H/F,"Paris, Île-de-France, France Sur site",Il y a 1 jour,Jobs via eFinancialCareers,france
19,Stagiaire Développement / Construction Data Center - H/F,"Paris, Île-de-France, France Sur site",Il y a 1 semaine,Jobs via eFinancialCareers,france
20,Associate Data Analyst- Customer Experience Group | Bangkok-based,"Paris, Île-de-France, France",Il y a 2 semaines,Agoda,france
21,Warehouse Technician - M/F - Permanent contract,"Île-de-France, France Sur site",Il y a 2 semaines,Disneyland Paris,france
22,Mandataire d'Assurance (F/H)- Marne,"Juvigny, Grand Est, France Sur site",Il y a 1 mois,AXA en France,france
23,Data Engineer,"Toulon, Provence-Alpes-Côte d’Azur, France À distance","Il y a 21 heures

                Au cours des 24 dernières heures",Toptal,france
24,Clinical trial Assistant 1,"Courbevoie, Île-de-France, France Sur site",Il y a 2 semaines,PharmiWeb.Jobs,france
0,Développeur Python,"Paris, Île-de-France, France Sur site",Il y a 1 mois,Jobs via eFinancialCareers,france
1,Stagiaire Numéricien(ne),"Clermont-Ferrand, Auvergne-Rhône-Alpes, France Sur site",Il y a 2 mois,Michelin,france
2,Spécialiste Paie & Gestion des temps et activités (H/F),"Clermont-Ferrand, Auvergne-Rhône-Alpes, France Sur site","Il y a 5 heures

                Au cours des 24 dernières heures",Michelin,france
3,Python Developer,"Ville de Paris, Île-de-France, France Hybride",Il y a 1 semaine,Darewise,france
4,Data Engineer,"Nantes, Pays de la Loire, France À distance","Il y a 21 heures

                Au cours des 24 dernières heures",Toptal,france
5,un Data Engineer F/H / Freelance,"Paris, Île-de-France, France Sur site",Il y a 1 mois,Freelance-info.fr,france
6,Stage - Chimiste Validation Méthode Allergène,"Lestrem, Hauts-de-France, France Sur site",Il y a 2 semaines,Roquette,france
7,Data Engineer,"Dijon, Bourgogne-Franche-Comté, France À distance","Il y a 22 heures

                Au cours des 24 dernières heures",Toptal,france
8,CDI- Inspecteur Audit Data (Audit Interne) H/F,"Paris, Île-de-France, France Sur site",Il y a 1 semaine,Jobs via eFinancialCareers,france
9,Stage 3A - Internship Software Engineer / Ingénieur Python,"Paris, Île-de-France, France Sur site",Il y a 4 jours,Jobs via eFinancialCareers,france
10,👉  UI DESIGNER JUNIOR (F/H),Bordeaux et périphérie Hybride,Il y a 1 semaine,SQLI,france
11,Team assistant (h/f),"Saint-Denis, Île-de-France, France Sur site","Il y a 8 heures

                Au cours des 24 dernières heures",Siemens Energy,france
12,STAGE - APPUI A LA COMMUNICATION EDITORIALE - F/H,"Paris, Île-de-France, France Sur site",Il y a 6 jours,Jobs via eFinancialCareers,france
13,Support technique Automatisme à Montceau-les-Mines (H/F),"Blanzy, Bourgogne-Franche-Comté, France Sur site","Il y a 5 heures

                Au cours des 24 dernières heures",Michelin,france
14,Stage 3A - Développeur logiciel C++ - Calcul du cap flat vega,"Paris, Île-de-France, France Sur site",Il y a 3 jours,Jobs via eFinancialCareers,france
15,Développeur Talend Data Intégration en CDI,"Paris, Île-de-France, France Sur site","Il y a 57 minutes

                Au cours des 24 dernières heures",Carriere-info.fr,france
16,Business Analyst Assurances (F/H),"Paris, Île-de-France, France Sur site",Il y a 1 semaine,Jobs via eFinancialCareers,france
17,Business Development Specialist – Turkish Speaker (Budapest-based),"Paris, Île-de-France, France",Il y a 4 jours,Agoda,france
18,CDD - Déclarant Douane Import/Export,"Lestrem, Hauts-de-France, France Sur site",Il y a 1 semaine,Roquette,france
19,IS Tester (ID:1581),"Strasbourg, Grand Est, France Sur site",Il y a 1 mois,Computer Resources International Group SA,france
20,Stage IT - Tests Automatisation (H/F),"Clermont-Ferrand, Auvergne-Rhône-Alpes, France Sur site",Il y a 2 semaines,Michelin,france
21,Stagiaire Knowledge Management - 6 mois (H/F),"Malaunay, Normandie, France Hybride",Il y a 1 semaine,Groupe Nutriset,france
22,Data Engineer,"Grenoble, Auvergne-Rhône-Alpes, France À distance","Il y a 21 heures

                Au cours des 24 dernières heures",Toptal,france
23,RH Organization design and Jobs grading H/F,"Poissy, Île-de-France, France Sur site",Il y a 1 mois,Stellantis,france
24,Data Engineer,"Brest, Bretagne, France À distance","Il y a 21 heures

                Au cours des 24 dernières heures",Toptal,france
0,Analyste KYC (BFI)-F/H,"Paris, Île-de-France, France Sur site",Il y a 1 semaine,Jobs via eFinancialCareers,france
1,Clinical Research Associate,Brest et périphérie,Il y a 5 jours,PharmiWeb.Jobs,france
2,CRA Junior - Paris - différentes aires thérapeutiques,"Paris, Île-de-France, France",Il y a 1 semaine,Syneos Health,france
3,Electronic Technician M/F - Permanent contract,"Marne-la-Vallée, Île-de-France, France Sur site",Il y a 2 semaines,Disneyland Paris,france
4,Conseiller commercial,"Angers, Pays de la Loire, France Hybride","Il y a 4 heures

                Au cours des 24 dernières heures",Bruce.work,france
5,Alternance - Assistant(e) de Direction,"Paris, Île-de-France, France Sur site",Il y a 1 mois,UBS,france
6,Clinical Research Associate,Brest et périphérie,Il y a 5 jours,PharmiWeb.Jobs,france
7,Help Desk Tier I Technician,"US, Île-de-France, France Sur site","Il y a 10 heures

                Au cours des 24 dernières heures",TekSynap,france
8,Data Engineer,"Rouen, Normandie, France À distance","Il y a 22 heures

                Au cours des 24 dernières heures",Toptal,france
9,Data Engineer,"Lille, Hauts-de-France, France À distance","Il y a 21 heures

                Au cours des 24 dernières heures",Toptal,france
10,Stage - Chargé de mission environnement,"La Madeleine, Hauts-de-France, France Sur site",Il y a 1 semaine,Roquette,france
11,Helpdesk,"Paris, Île-de-France, France Sur site",Il y a 1 mois,TeamRH,france
12,Mandataire d'Assurance (F/H)- Somme,"Somme, Centre-Val de Loire, France Sur site",Il y a 1 mois,AXA en France,france
13,Technical Content Writer _ Bilingual Eng/Fr,"Montpellier, Occitanie, France À distance",Il y a 1 semaine,CodinGame,france
14,Product Designer,"Ville de Paris, Île-de-France, France Hybride",Il y a 1 jour,Jus Mundi,france
15,Mandataire d'Assurance - (F/H) Dpt 13,"Arles, Provence-Alpes-Côte d’Azur, France Sur site",Il y a 1 mois,AXA en France,france
16,Stage – Assistant Banquier Privé Equipe Ultra High Net Worth,"Paris, Île-de-France, France Sur site",Il y a 1 mois,UBS,france
17,Stage - ACV - Développement d'un pneu compétition (H/F),"Clermont-Ferrand, Auvergne-Rhône-Alpes, France Sur site",Il y a 4 jours,Michelin,france
18,Market Insights Specialist Food & Beverage m/f/d,"Ville de Paris, Île-de-France, France Sur site",Il y a 5 jours,Geiger Food Ingredients Recruitment & Consult.Ing,france
19,Intern,Brest et périphérie Sur site,Il y a 3 semaines,PharmiWeb.Jobs,france
20,CDI - Inspecteur Audit Marchés/Modèles (Audit interne) H/F,"Paris, Île-de-France, France Sur site",Il y a 1 semaine,Jobs via eFinancialCareers,france
21,STAGE - SECTEUR PRIVE - F/H,"Paris, Île-de-France, France Sur site",Il y a 4 jours,Jobs via eFinancialCareers,france
22,Stage - Développeur KAFKA (H/F),"Clermont-Ferrand, Auvergne-Rhône-Alpes, France Sur site",Il y a 3 semaines,Michelin,france
23,"People BI Specialist (Bangkok Based, Relocation Provided)","Nice, Provence-Alpes-Côte d’Azur, France",Il y a 1 semaine,Agoda,france
24,Clinical Research Associate,"Paris, Île-de-France, France",Il y a 1 semaine,PharmiWeb.Jobs,france
0,Gestionnaire d&#39;applications H/F / Freelance,"Paris, Île-de-France, France Sur site","Il y a 7 heures

                Au cours des 24 dernières heures",Freelance-info.fr,france
1,"Data Engineer – Apache Spark (Java/Scala) (Bangkok based, Relocation provided)","Paris, Île-de-France, France",Il y a 2 semaines,Agoda,france
2,"STAGE - ENERGIE, REDEVABILITE ET BILAN CARBONE - F/H","Paris, Île-de-France, France Sur site",Il y a 1 semaine,Jobs via eFinancialCareers,france
3,Mandataire d'Assurance (F/H) - Aisne,"Aisne, Hauts-de-France, France Sur site",Il y a 1 mois,AXA en France,france
4,Media Trader M/F- Permanent Contract,"Île-de-France, France Sur site",Il y a 1 semaine,Disneyland Paris,france
5,User Researcher - Patient Experience,"Paris, Île-de-France, France",Il y a 3 semaines,Livi,france
6,Commercial,"Métropole d'Aix-Marseille-Provence, France Sur site",Il y a 2 semaines,Little Worker,france
7,STAGE - APPUI GESTION DES PARTICIPATIONS - F/H,"Paris, Île-de-France, France Sur site",Il y a 3 jours,Jobs via eFinancialCareers,france
8,Systematic Quant Researcher,"Paris, Île-de-France, France Sur site",Il y a 6 jours,Jobs via eFinancialCareers,france
9,Level Designer,"Montpellier, Occitanie, France Sur site",Il y a 1 jour,Gaming Jobs,france
10,STAFF,"Angers, Pays de la Loire, France Sur site",Il y a 3 semaines,Gaming Jobs,france
11,"Stage 6 mois: automated web UI generation, expérience full stack: React/JS, C#/.NET","Sophia Antipolis, Provence-Alpes-Côte d’Azur, France",Il y a 1 semaine,Ansys,france
12,Recruteur(se) IT,"Paris, Île-de-France, France Sur site","Il y a 1 heure

                Au cours des 24 dernières heures",Agoda,france
13,"Content Analyst(Bangkok based, relocation provided)","Paris, Île-de-France, France",Il y a 2 semaines,Jobs via eFinancialCareers,france
14,STAGE - Assistant Chef de produit - F/H,"Issy-les-Moulineaux, Île-de-France, France À distance",Il y a 3 semaines,"Advantage Solutions: Sales, Marketing, Technology",france
15,Full-Time Recruiter – Remote Opportunity,"US, Île-de-France, France À distance",Il y a 1 mois,Michelin,france
16,Opérateur de production à Cholet (H/F),"Cholet, Pays de la Loire, France Sur site",Il y a 1 mois,Livi,france
17,Analyst,"Paris, Île-de-France, France",Il y a 3 semaines,Jobs via eFinancialCareers,france
18,STAGE - Assistant Contrôle permanent - H/F,"Paris, Île-de-France, France Sur site",Il y a 3 semaines,Disneyland Paris,france
19,Personnel Admin Agent F/M,"Marne-la-Vallée, Île-de-France, France Sur site",Il y a 2 semaines,Agoda,france
20,"Analyst, Marketing Innovation (Bangkok Based, relocation provided)","Nice, Provence-Alpes-Côte d’Azur, France",Il y a 2 semaines,Agoda,france
21,"Senior Analyst, Partner Development – SQL, R, Python, Pandas, Scala (Bangkok-based, relocation provided)","Nice, Provence-Alpes-Côte d’Azur, France",Il y a 1 semaine,Paris&Co,france
22,Apprenti(e) en développement Backend / API - Pims,"Paris, Île-de-France, France Sur site",Il y a 5 jours,Jobs via eFinancialCareers,france
23,Business Analyst Data,"Paris, Île-de-France, France Sur site",Il y a 1 mois,OECD-OCDE,france
24,Human Resources Assistant,"Ville de Paris, Île-de-France, France Sur site",Il y a 1 semaine,,france
